title_and_price,location,details,description,metro_stations,conditions_financieres,energy_GES,ref_date
"Location meublée maison 74,50 m² Sainte-Suzanne (97441)
1.150 €",Sainte-Suzanne (97441),"['4 pièces', '2 chambres', '74,50 m²', 'Terrain 105 m²']","F3 Bien situé dans les hauts de Sainte-Suzanne deux rives proche de toutes commodités.
Une cuisine ouverte et deux chambres plus 2 salles de bains et wc en bas et en haut.l’entrée donne directement sur une terrasse sécurisée à l’arrière une autre terrasse donnait directement sur une courette.

Cette location meublée d'un montant 1150€mois tout charge inclus de plus il n’y a pas tout à l’égout
L’ axé via un portail électrique donnant dans une cour privée idéal pour seniors cherchant la tranquillité.","['Conditions financières\nLoyer charges comprises\n1.150 € / mois\nDont charges\n50 € / mois\nDépôt de garantie\n2.200 €\nClasse énergie\nA\nB\nC\nD\nE\nF\nG\nGES\nA\nB\nC\nD\nE\nF\nG', 'Conditions financières\nLoyer charges comprises\n1.150 € / mois\nDont charges\n50 € / mois\nDépôt de garantie\n2.200 €\nClasse énergie\nA\nB\nC\nD\nE\nF\nG\nGES\nA\nB\nC\nD\nE\nF\nG', 'Conditions financières\nLoyer charges comprises\n1.150 € / mois\nDont charges\n50 € / mois\nDépôt de garantie\n2.200 €\nClasse énergie\nA\nB\nC\nD\nE\nF\nG\nGES\nA\nB\nC\nD\nE\nF\nG']","['Ajouter à mes favoris', 'Imprimer la fiche', 'Envoyer à un ami', 'Loyer charges comprises\n1.150 € / mois', 'Dont charges\n50 € / mois', 'Dépôt de garantie\n2.200 €']","{'energy': 'B', 'GES': 'B'}",Réf. : E99/0247 / 28 février 2024
"Location appartement 4 pièces 80 m² Sucy-En-Brie (94370)
1.449 €",Sucy-en-Brie (94370),"['4 pièces', '3 chambres', '80 m²']","- Quartier calme et résidentiel.
- Portail et entrée individuelle, cuisine semi-équipée, salle de bain avec baignoire et toilettes séparées avec lave-mains.
- Suite parentale (chambre avec salle d'eau).
- Appartement au premier étage dans une grande maison.
- Deux terrasses dans un appartement traversant : possibilité de manger à l'extérieur.
- Parking individuel.
- Placards de rangements dans deux chambres et à l'entrée.

- Proximité des écoles : maternelle, élémentaire, collège et lycée.
- Proximité des transports en commun : lignes de bus 2, 4 et 5 au bout de la rue, RER A gare Sucy-Bonneuil accessible en 10min de bus ou 25min à pied.
- Commerces et équipements sportifs à proximité.
- Parc Municipal des Sports de Sucy à moins d'un kilomètre : club de tennis, football, athlétisme, rugby, stade, etc.
- Conservatoire de musique à proximité.
- Seule charge : taxe d'ordure ménagère.","['Sucy - Bonneuil', 'Boissy-Saint-Léger', 'La Varenne - Chennevières']","['Ajouter à mes favoris', 'Imprimer la fiche', 'Envoyer à un ami', 'Loyer charges comprises\n1.449 € / mois', 'Dont charges\n24 € / mois', 'Dépôt de garantie\n1.425 €']","{'energy': 'E', 'GES': 'B'}",Réf. : E40/1923 / 28 février 2024
"Location appartement 6 pièces 134 m² Bourges (18000)
1.190 €",Bourges (18000),"['6 pièces', '4 chambres', '134 m²']","Hyper-centre, quartier cathédrale - Appartement T5/T6 en duplex avec place de parking.

Le charme de l'ancien et le confort du moderne.

Parfait famille ou colocation (possibilité location en meublé).

L'appartement se compose de:
- une cuisine équipée (frigo congélateur, four chaleur tournante, micro-onde, lave vaisselle, plaques à induction, hotte, etc.)
- un beau séjour lumineux avec parquet, cheminée et moulures
- un salon avec belle hauteur sous plafond et poutres apparentes
- quatre chambres individuelles avec rangements intégrés, dont une grande chambre à l'étage de 30 m2 avec salle de bains/wc indépendante
- deux salles de bains supplémentaires dont une avec baignoire et lavabo double vasques
- un wc indépendant.

Ce bien allie parfaitement les atouts d'un appartement moderne (cuisine équipée de haut standing et fonctionnelle, place de parking, bon agencement, bonne isolation, luminosité, etc.) et le charme de l'ancien (poutres apparentes, moulures, parquet, etc.). Laissez vous séduire par son escalier en pierre de taille et sa vue cathédrale!

Au rez-de-chaussée, vous avez accès à une cours commune protégée ainsi qu'un jardin partagé à l'arrière.
Vous disposez d'une place de parking privative (suffisamment grande pour accueillir une voiture et un deux roues).

A 5 min à pied : accès à tous les services (mairie, poste, pharmacie, etc.), commerces (restaurants, supérette ouverte 24/24, Carrefour City, etc.) et écoles/universités (ENSA).","['Conditions financières\nLoyer charges comprises\n1.190 € / mois\nDont charges\n90 € / mois\nDépôt de garantie\n1.100 €\nClasse énergie\nA\nB\nC\nD\nE\nF\nG\nGES\nA\nB\nC\nD\nE\nF\nG', 'Conditions financières\nLoyer charges comprises\n1.190 € / mois\nDont charges\n90 € / mois\nDépôt de garantie\n1.100 €\nClasse énergie\nA\nB\nC\nD\nE\nF\nG\nGES\nA\nB\nC\nD\nE\nF\nG', 'Conditions financières\nLoyer charges comprises\n1.190 € / mois\nDont charges\n90 € / mois\nDépôt de garantie\n1.100 €\nClasse énergie\nA\nB\nC\nD\nE\nF\nG\nGES\nA\nB\nC\nD\nE\nF\nG']","['', '', '', 'Loyer charges comprises\n1.190 € / mois', 'Dont charges\n90 € / mois', 'Dépôt de garantie\n1.100 €']","{'energy': 'C', 'GES': 'D'}",Réf. : F09/0107 / 28 février 2024
"Location meublée appartement 20 m² Villeurbanne
649 €",Villeurbanne (69100),"['1 pièce', '20 m²']","Charmant t1 bis neuf
T1 bis neuf et totalement meublé, face au grand parc de la Commune Paris, dans une rue calme et pavillonnaire .

À proximité directe des transports en commun (métro A, bus etc) et des commerces.

Venez découvrir ce charmant t1 bis meublé, fonctionnel, comprenant une belle pièce de vie avec chambre, cuisine équipée : plaques vitrocéramiques, mini four, micro-ondes, frigo, lave-linge, toute la vaissellerie ainsi que l'entièreté de linge de maison et d'une salle de bain moderne avec douche balnéo, nombreux rangements, toutes les pièces sont carrelés mais surtout, faites le plein d'économies grâce à l'eau, l'électricité et le chauffage qui sont inclus dans le prix du loyer annoncé 649€ charges comprises

Longues études ou CDI et garants physiques obligatoires
Contrat de location de 12 mois","['Conditions financières\nLoyer charges comprises\n649 € / mois\nDont charges\n85 € / mois\nDépôt de garantie\n1.128 €\nZone soumise à encadrement des loyers  -   En savoir plus\nLoyer de référence majoré\n384 €\nComplément de loyer\n180 €\nClasse énergie\nA\nB\nC\nD\nE\nF\nG', 'Conditions financières\nLoyer charges comprises\n649 € / mois\nDont charges\n85 € / mois\nDépôt de garantie\n1.128 €\nZone soumise à encadrement des loyers  -   En savoir plus\nLoyer de référence majoré\n384 €\nComplément de loyer\n180 €\nClasse énergie\nA\nB\nC\nD\nE\nF\nG', 'Conditions financières\nLoyer charges comprises\n649 € / mois\nDont charges\n85 € / mois\nDépôt de garantie\n1.128 €\nZone soumise à encadrement des loyers  -   En savoir plus\nLoyer de référence majoré\n384 €\nComplément de loyer\n180 €\nClasse énergie\nA\nB\nC\nD\nE\nF\nG']","['', '', '', 'Loyer charges comprises\n649 € / mois', 'Dont charges\n85 € / mois', 'Dépôt de garantie\n1.128 €', 'Loyer de référence majoré\n384 €', 'Complément de loyer\n180 €']","{'energy': 'Not Available', 'GES': 'Not Available'}",Réf. : F05/1695 / 28 février 2024
"Location meublée appartement 2 pièces 63 m² Puteaux
2.000 €",Puteaux (92800),"['2 pièces', '1 chambre', '63 m²']","Bail civil résidence secondaire ou logement de fonction à partir du 29 Janvier 2024.
Possibilité bail mobilité.

Appartement F2 d'environ 63 m2, entièrement meublé, qui convient à un cadre ou à un couple désirant se loger en plein quartier des affaires de La Défense. L'appartement est composé d'une entrée, salon/salle à manger, cuisine, salle de bains avec baignoire, dégagement, chambre, wc séparés 4 grandes baies vitrées (2 dans le salon/salle à manger, une dans la chambre, 1 dans la cuisine). Orientation ouest (soleil l'après-midi). Très lumineux avec une vue panoramique sur La Défense, le Cnit, les quatre temps et le Mont Valérien. Étage élevé avec deux ascenseurs. Balcon filant (faisant le tour du salon, cuisine et la chambre).

Accès à personne à mobilité réduite.

2000€ toutes charges comprises (charges de copropriété, internet, eau chaude et froide, chauffage).
Forfait électricité en plus : 80€/mois.","['La Défense', 'Esplanade de la Défense', 'Puteaux']","['', '', '', 'Loyer charges comprises\n2.000 € / mois', 'Dont charges\n200 € / mois', 'Dépôt de garantie\n3.600 €']","{'energy': 'D', 'GES': 'D'}",Réf. : A25/0729 / 28 février 2024
"Location meublée studio 16 m² Pornichet (44380)
445 €",Pornichet (44380),"['1 pièce', '16 m²']","Studio : 445 E/mois charges comprises (inclus eau, électricité, Internet wifi ).
Pornichet : limite Saint-Nazaire Ouest : bien situé.

Location d'un studio-cottage 17 m2 Meublé de Janvier à fin juin.
Cette petite résidence étudiante avec parking se trouve en lotissement, avec un petit jardin indépendant, le tout meublé avec (banquette BZ et lit en hauteur 1 pers TV, table, vaisselle, micro-ondes, salle de bains, douche wc, kitchenette avec induction) dans un quartier très calme et sans vis à vis, avec une entrée indépendante..

Aucun abonnement à prendre ... (comme un appart-hôtel) Mobilier Ikea.

Vous disposerez d'un local à vélos. Lave-linge (Gratuit).
La résidence est située juste à côté de l'hippodrome de Pornichet (St-Sébastien).
Arrêt de bus à 100m de la résidence pour L'IUT et la Fac (10 min en Bus) et à 5 min en voiture par la rocade (3km).
Pas de contact téléphonique le Dimanche merci de votre compréhension","[""  J'utilise Whatsapp. Vous pouvez proposer un appel vidéo pour visiter le logement.\nConditions financières\nLoyer charges comprises\n445 € / mois\nDont charges\n50 € / mois\nDépôt de garantie\n395 €\nClasse énergie\nA\nB\nC\nD\nE\nF\nG\nGES\nA\nB\nC\nD\nE\nF\nG"", ""  J'utilise Whatsapp. Vous pouvez proposer un appel vidéo pour visiter le logement.\nConditions financières\nLoyer charges comprises\n445 € / mois\nDont charges\n50 € / mois\nDépôt de garantie\n395 €\nClasse énergie\nA\nB\nC\nD\nE\nF\nG\nGES\nA\nB\nC\nD\nE\nF\nG"", ""  J'utilise Whatsapp. Vous pouvez proposer un appel vidéo pour visiter le logement.\nConditions financières\nLoyer charges comprises\n445 € / mois\nDont charges\n50 € / mois\nDépôt de garantie\n395 €\nClasse énergie\nA\nB\nC\nD\nE\nF\nG\nGES\nA\nB\nC\nD\nE\nF\nG""]","['', '', '', 'Loyer charges comprises\n445 € / mois', 'Dont charges\n50 € / mois', 'Dépôt de garantie\n395 €']","{'energy': 'B', 'GES': 'C'}",Réf. : E39/2088 / 28 février 2024
"Location appartement 4 pièces 89 m² Chamalières (63400)
1.240 €",Chamalières (63400),"['4 pièces', '2 chambres', '89 m²']","Dans résidence au calme, proche centre et commodités, rez-de-chaussée surélevé avec parking et cave. Chauffage compris dans les charges. Etat neuf. Libre de suite.","['Conditions financières\nLoyer charges comprises\n1.240 € / mois\nDont charges\n290 € / mois\nDépôt de garantie\n950 €\nClasse énergie\nA\nB\nC\nD\nE\nF\nG', 'Conditions financières\nLoyer charges comprises\n1.240 € / mois\nDont charges\n290 € / mois\nDépôt de garantie\n950 €\nClasse énergie\nA\nB\nC\nD\nE\nF\nG', 'Conditions financières\nLoyer charges comprises\n1.240 € / mois\nDont charges\n290 € / mois\nDépôt de garantie\n950 €\nClasse énergie\nA\nB\nC\nD\nE\nF\nG']","['', '', '', 'Loyer charges comprises\n1.240 € / mois', 'Dont charges\n290 € / mois', 'Dépôt de garantie\n950 €']","{'energy': 'Not Available', 'GES': 'Not Available'}",Réf. : F16/1904 / 28 février 2024
"Location meublée appartement 2 pièces 48,21 m² Asnières-Sur-Seine (92600)
1.480 €",Asnières-sur-Seine (92600),"['2 pièces', '1 chambre', '48,21 m²']","À deux pas de la gare d’Asnières-sur-Seine.
Calme.
Meublé.
2 Pièces 48,21 m²
grande terrasse 25 m2
Salon, 1 chambre cuisine salle de bains, wc séparés.
DPE C.
1480€ charges incluses.
État neuf.","['Asnières-sur-Seine', 'Pont de Levallois - Bécon', 'Clichy - Levallois']","['', '', '', 'Loyer charges comprises\n1.480 € / mois', 'Dont charges\n80 € / mois', 'Dépôt de garantie\n2.800 €']","{'energy': 'C', 'GES': 'C'}",Réf. : F17/1246 / 28 février 2024
"Location appartement 3 pièces 70 m² Montpellier (34)
920 €",Montpellier (34000),"['3 pièces', '2 chambres', '70 m²']","Montpellier, Avenue de Lodève, appartement T3 de 70 m2, calme et lumineux, dans une résidence sécurisée, situé au 5ème étage avec ascenseur.

Il se compose :
- d'une entrée avec placard aménagé,
- d'un séjour et d'une cuisine séparée semi-équipée (hotte et plaque de cuisson) avec de nombreux rangements donnant sur une terrasse ensoleillée et sur des espaces verts.
- de 2 chambres,
- d'une salle de bain
- d'un WC séparé

Appartement rénové et équipé de double vitrage.

Un cellier privatif et une place de parking extérieure sont compris dans la location.

L'eau et le chauffage central collectif sont inclus dans les charges.

L'appartement est proche de toutes commodités : arrêt de tramway, ligne de bus, centre commercial, centre médical, …

Loyer : 780 E par mois + 140 E de charges (chauffage et eau compris).
Loyer total : 920 E toutes charges comprises.

Merci de bien vouloir me contacter par téléphone du lundi au vendredi de 15h à 19h, ou par mail.
Merci d'appeler entre 9h et 12h et entre 15h et 18h","['Conditions financières\nLoyer charges comprises\n920 € / mois\nDont charges\n140 € / mois\nDépôt de garantie\n780 €\nZone soumise à encadrement des loyers  -   En savoir plus\nLoyer de référence majoré\n980 €\nClasse énergie\nA\nB\nC\nD\nE\nF\nG\nGES\nA\nB\nC\nD\nE\nF\nG', 'Conditions financières\nLoyer charges comprises\n920 € / mois\nDont charges\n140 € / mois\nDépôt de garantie\n780 €\nZone soumise à encadrement des loyers  -   En savoir plus\nLoyer de référence majoré\n980 €\nClasse énergie\nA\nB\nC\nD\nE\nF\nG\nGES\nA\nB\nC\nD\nE\nF\nG', 'Conditions financières\nLoyer charges comprises\n920 € / mois\nDont charges\n140 € / mois\nDépôt de garantie\n780 €\nZone soumise à encadrement des loyers  -   En savoir plus\nLoyer de référence majoré\n980 €\nClasse énergie\nA\nB\nC\nD\nE\nF\nG\nGES\nA\nB\nC\nD\nE\nF\nG']","['', '', '', 'Loyer charges comprises\n920 € / mois', 'Dont charges\n140 € / mois', 'Dépôt de garantie\n780 €', 'Loyer de référence majoré\n980 €']","{'energy': 'C', 'GES': 'B'}",Réf. : C47/0080 / 28 février 2024
"Location meublée chambre 11 m² Roubaix (59100)
400 €",Roubaix (59100),"['1 pièce', '1 chambre', '11 m²']","Proche bus et à proximité des Écoles : Lycée St Rémy, Jean Rostand, ESMOD, ESAAT, ENSAIT, EDHEC ...

Colocation dans maison refaite à neuf, entièrement équipée, lumineux traversant.
Grand salon avec canapé convertible et fauteuils, TV salle à manger, cuisine toute équipée avec électroménager. Buanderie avec lave linge et sèche linge. La maison comporte 5 chambres et 2 salles de bains et 2 wc.
Chambre meublée avec lit double, literie, bureau, dressing.

Charges 50€ comprenant électricité, chauffage, eau chaude et froide, internet. Éligible APL.

Une présentation par mail de votre situation personnelle est préconisée avant toute visite, un dossier complet vous sera impératif lors de cette visite","['Conditions financières\nLoyer charges comprises\n400 € / mois\nDont charges\n50 € / mois\nDépôt de garantie\n350 €\nClasse énergie\nA\nB\nC\nD\nE\nF\nG\nGES\nA\nB\nC\nD\nE\nF\nG', 'Conditions financières\nLoyer charges comprises\n400 € / mois\nDont charges\n50 € / mois\nDépôt de garantie\n350 €\nClasse énergie\nA\nB\nC\nD\nE\nF\nG\nGES\nA\nB\nC\nD\nE\nF\nG', 'Conditions financières\nLoyer charges comprises\n400 € / mois\nDont charges\n50 € / mois\nDépôt de garantie\n350 €\nClasse énergie\nA\nB\nC\nD\nE\nF\nG\nGES\nA\nB\nC\nD\nE\nF\nG']","['', '', '', 'Loyer charges comprises\n400 € / mois', 'Dont charges\n50 € / mois', 'Dépôt de garantie\n350 €']","{'energy': 'C', 'GES': 'C'}",Réf. : E40/0830 / 28 février 2024
"Location meublée appartement 2 pièces 65 m² Paris 16E
2.200 €",Paris 16e (75016),"['2 pièces', '1 chambre', '65 m²']","Théophile Gautier/rue Gros.

Petit immeuble, ascenseur.
Deux pièces 65 m² comprenant : un grand salon et une grande chambre, cuisine indépendante, wc séparés, salle de douche, beau balcon sur verdure exposition sud-est, belle vue.
Loué meublé au 5e étage, seul à l'étage, double exposition, très clair, sans vis-à-vis.

Entièrement refait à neuf : isolation, peinture, sols, fenêtres, salon-salle à manger de 30 m² avec le balcon donnant sur parc et vue sur la Tour Eiffel, grande chambre 18 m² avec grand placard sur cour, très claire, cuisine aménagée de meubles muraux, équipée de plaques électriques 4 feux, hotte, four, lave-linge, lave-vaisselle, réfrigérateur.

Porte d'entrée sécurisée, cave.
Chauffage individuel gaz. Digicode, interphone.
Libre le 1er avril 2024.

Loyer : 2.200€ charges comprises.
De 8h à 20h","['Avenue du Président Kennedy', 'Mirabeau', 'Jasmin']","['', '', '', 'Loyer charges comprises\n2.200 € / mois', 'Dont charges\n210 € / mois', 'Dépôt de garantie\n1.990 €', 'Loyer de référence majoré\n2.210 €']","{'energy': 'Not Available', 'GES': 'Not Available'}",Réf. : B14/1741 / 28 février 2024
"Location meublée appartement 18 m² Paris 19E
755 €",Paris 19e (75019),"['1 pièce', '18 m²']","Idéalement situé dans une zone recherchée du 19ème arrondissement de Paris, à proximité de commerces et du parc des Buttes Chaumont.

- T1 / logement individuel meublé de 18 m² pour étudiant,
- bel immeuble récent,
- logement rénové,
- cuisinette séparée : plaques électriques, micro-ondes et réfrigérateur,
- salle d'eau avec douche, lavabos, wc séparés,
- salon lumineux : placard spacieux, étagères, rangement, lit, double vitrage, chauffage individuel,
- environnement calme.

L'immeuble dispose de deux portes d'accès sécurisées par badges, ascenseur sécurisé,
- laverie (machines à laver, sèche-linge) dans l'immeuble.

Si vous avez un véhicule, possibilité de louer un parking souterrain en supplément.

Transports : nombreux moyens de transport à proximité : métro, bus, Vélib, autolib.
Métro 11 Jourdain = environ 400 m (direct vers Châtelet, Hôtel de ville, République, Arts - Métiers).
Métro 7b Botzaris = environ 300 m.

Le loyer indiqué comprend déjà les charges (forfaitaire).
2 mois de dépôt de garantie.

Bail étudiant (e).
Attention : logement dédié pour étudiants uniquement.
Loyer charges comprises.

Note : Pas d'agence immobilière, pas de constitution de dossier.
Contact uniquement par téléphone","['Botzaris', 'Jourdain', 'Pyrénées']","['', '', '', 'Loyer charges comprises\n755 € / mois', 'Dont charges\n50 € / mois', 'Dépôt de garantie\n1.410 €', 'Loyer de référence majoré\n624,60 €', 'Complément de loyer\n80,40 €']","{'energy': 'D', 'GES': 'C'}",Réf. : B95/0948 / 27 février 2024
"Location meublée studio 30 m² Vincennes (94300)
982 €",Vincennes (94300),"['1 pièce', '30 m²']","Superbe studio idéalement placé à moins de 15min à pied du RER A et à 3min du bus 118.

Proche de toutes les commodités, le studio est situé au 3e étage avec ascenseur d'une copropriété calme et sécurisée.

L'appartement se compose d'une pièce principale avec canapé lit 2 places neuf (avec matelas d'épaisseur 15cm pour usage quotidien), table basse, TV, commode/bureau, fauteuil.

La cuisine, dans une pièce séparée, est entièrement équipée (plaques de cuisson, réfrigérateur, four) + une table pliante avec 1 chaise de bar.

Calme et lumineux, l'appartement est très bien entretenu et meublé avec goût.

Dossier complet demandé lors de la visite :
Copie de la pièce d'identité - 3 dernières fiches de paie - Dernier avis d'imposition complet - Justificatif de domicile datant de moins de 3 mois.

Dpe en cours.","['Fontenay-sous-Bois', 'Château de Vincennes', 'Croix de Chavaux (Place Jacques Duclos)']","['', '', '', 'Loyer charges comprises\n982 € / mois', 'Dont charges\n82 € / mois', 'Dépôt de garantie\n1.800 €']","{'energy': 'Not Available', 'GES': 'Not Available'}",Réf. : D62/0646 / 20 février 2024
"Location meublée maison 74,50 m² Sainte-Suzanne (97441)
1.150 €",Sainte-Suzanne (97441),"['4 pièces', '2 chambres', '74,50 m²', 'Terrain 105 m²']","F3 Bien situé dans les hauts de Sainte-Suzanne deux rives proche de toutes commodités.
Une cuisine ouverte et deux chambres plus 2 salles de bains et wc en bas et en haut.l’entrée donne directement sur une terrasse sécurisée à l’arrière une autre terrasse donnait directement sur une courette.

Cette location meublée d'un montant 1150€mois tout charge inclus de plus il n’y a pas tout à l’égout
L’ axé via un portail électrique donnant dans une cour privée idéal pour seniors cherchant la tranquillité.","['Conditions financières\nLoyer charges comprises\n1.150 € / mois\nDont charges\n50 € / mois\nDépôt de garantie\n2.200 €\nClasse énergie\nA\nB\nC\nD\nE\nF\nG\nGES\nA\nB\nC\nD\nE\nF\nG', 'Conditions financières\nLoyer charges comprises\n1.150 € / mois\nDont charges\n50 € / mois\nDépôt de garantie\n2.200 €\nClasse énergie\nA\nB\nC\nD\nE\nF\nG\nGES\nA\nB\nC\nD\nE\nF\nG', 'Conditions financières\nLoyer charges comprises\n1.150 € / mois\nDont charges\n50 € / mois\nDépôt de garantie\n2.200 €\nClasse énergie\nA\nB\nC\nD\nE\nF\nG\nGES\nA\nB\nC\nD\nE\nF\nG']","['', '', '', 'Loyer charges comprises\n1.150 € / mois', 'Dont charges\n50 € / mois', 'Dépôt de garantie\n2.200 €']","{'energy': 'B', 'GES': 'B'}",Réf. : E99/0247 / 28 février 2024
"Location appartement 4 pièces 80 m² Sucy-En-Brie (94370)
1.449 €",Sucy-en-Brie (94370),"['4 pièces', '3 chambres', '80 m²']","- Quartier calme et résidentiel.
- Portail et entrée individuelle, cuisine semi-équipée, salle de bain avec baignoire et toilettes séparées avec lave-mains.
- Suite parentale (chambre avec salle d'eau).
- Appartement au premier étage dans une grande maison.
- Deux terrasses dans un appartement traversant : possibilité de manger à l'extérieur.
- Parking individuel.
- Placards de rangements dans deux chambres et à l'entrée.

- Proximité des écoles : maternelle, élémentaire, collège et lycée.
- Proximité des transports en commun : lignes de bus 2, 4 et 5 au bout de la rue, RER A gare Sucy-Bonneuil accessible en 10min de bus ou 25min à pied.
- Commerces et équipements sportifs à proximité.
- Parc Municipal des Sports de Sucy à moins d'un kilomètre : club de tennis, football, athlétisme, rugby, stade, etc.
- Conservatoire de musique à proximité.
- Seule charge : taxe d'ordure ménagère.","['Sucy - Bonneuil', 'Boissy-Saint-Léger', 'La Varenne - Chennevières']","['', '', '', 'Loyer charges comprises\n1.449 € / mois', 'Dont charges\n24 € / mois', 'Dépôt de garantie\n1.425 €']","{'energy': 'E', 'GES': 'B'}",Réf. : E40/1923 / 28 février 2024
"Location appartement 6 pièces 134 m² Bourges (18000)
1.190 €",Bourges (18000),"['6 pièces', '4 chambres', '134 m²']","Hyper-centre, quartier cathédrale - Appartement T5/T6 en duplex avec place de parking.

Le charme de l'ancien et le confort du moderne.

Parfait famille ou colocation (possibilité location en meublé).

L'appartement se compose de:
- une cuisine équipée (frigo congélateur, four chaleur tournante, micro-onde, lave vaisselle, plaques à induction, hotte, etc.)
- un beau séjour lumineux avec parquet, cheminée et moulures
- un salon avec belle hauteur sous plafond et poutres apparentes
- quatre chambres individuelles avec rangements intégrés, dont une grande chambre à l'étage de 30 m2 avec salle de bains/wc indépendante
- deux salles de bains supplémentaires dont une avec baignoire et lavabo double vasques
- un wc indépendant.

Ce bien allie parfaitement les atouts d'un appartement moderne (cuisine équipée de haut standing et fonctionnelle, place de parking, bon agencement, bonne isolation, luminosité, etc.) et le charme de l'ancien (poutres apparentes, moulures, parquet, etc.). Laissez vous séduire par son escalier en pierre de taille et sa vue cathédrale!

Au rez-de-chaussée, vous avez accès à une cours commune protégée ainsi qu'un jardin partagé à l'arrière.
Vous disposez d'une place de parking privative (suffisamment grande pour accueillir une voiture et un deux roues).

A 5 min à pied : accès à tous les services (mairie, poste, pharmacie, etc.), commerces (restaurants, supérette ouverte 24/24, Carrefour City, etc.) et écoles/universités (ENSA).","['Conditions financières\nLoyer charges comprises\n1.190 € / mois\nDont charges\n90 € / mois\nDépôt de garantie\n1.100 €\nClasse énergie\nA\nB\nC\nD\nE\nF\nG\nGES\nA\nB\nC\nD\nE\nF\nG', 'Conditions financières\nLoyer charges comprises\n1.190 € / mois\nDont charges\n90 € / mois\nDépôt de garantie\n1.100 €\nClasse énergie\nA\nB\nC\nD\nE\nF\nG\nGES\nA\nB\nC\nD\nE\nF\nG', 'Conditions financières\nLoyer charges comprises\n1.190 € / mois\nDont charges\n90 € / mois\nDépôt de garantie\n1.100 €\nClasse énergie\nA\nB\nC\nD\nE\nF\nG\nGES\nA\nB\nC\nD\nE\nF\nG']","['', '', '', 'Loyer charges comprises\n1.190 € / mois', 'Dont charges\n90 € / mois', 'Dépôt de garantie\n1.100 €']","{'energy': 'C', 'GES': 'D'}",Réf. : F09/0107 / 28 février 2024
"Location meublée appartement 20 m² Villeurbanne
649 €",Villeurbanne (69100),"['1 pièce', '20 m²']","Charmant t1 bis neuf
T1 bis neuf et totalement meublé, face au grand parc de la Commune Paris, dans une rue calme et pavillonnaire .

À proximité directe des transports en commun (métro A, bus etc) et des commerces.

Venez découvrir ce charmant t1 bis meublé, fonctionnel, comprenant une belle pièce de vie avec chambre, cuisine équipée : plaques vitrocéramiques, mini four, micro-ondes, frigo, lave-linge, toute la vaissellerie ainsi que l'entièreté de linge de maison et d'une salle de bain moderne avec douche balnéo, nombreux rangements, toutes les pièces sont carrelés mais surtout, faites le plein d'économies grâce à l'eau, l'électricité et le chauffage qui sont inclus dans le prix du loyer annoncé 649€ charges comprises

Longues études ou CDI et garants physiques obligatoires
Contrat de location de 12 mois","['Conditions financières\nLoyer charges comprises\n649 € / mois\nDont charges\n85 € / mois\nDépôt de garantie\n1.128 €\nZone soumise à encadrement des loyers  -   En savoir plus\nLoyer de référence majoré\n384 €\nComplément de loyer\n180 €\nClasse énergie\nA\nB\nC\nD\nE\nF\nG', 'Conditions financières\nLoyer charges comprises\n649 € / mois\nDont charges\n85 € / mois\nDépôt de garantie\n1.128 €\nZone soumise à encadrement des loyers  -   En savoir plus\nLoyer de référence majoré\n384 €\nComplément de loyer\n180 €\nClasse énergie\nA\nB\nC\nD\nE\nF\nG', 'Conditions financières\nLoyer charges comprises\n649 € / mois\nDont charges\n85 € / mois\nDépôt de garantie\n1.128 €\nZone soumise à encadrement des loyers  -   En savoir plus\nLoyer de référence majoré\n384 €\nComplément de loyer\n180 €\nClasse énergie\nA\nB\nC\nD\nE\nF\nG']","['', '', '', 'Loyer charges comprises\n649 € / mois', 'Dont charges\n85 € / mois', 'Dépôt de garantie\n1.128 €', 'Loyer de référence majoré\n384 €', 'Complément de loyer\n180 €']","{'energy': 'Not Available', 'GES': 'Not Available'}",Réf. : F05/1695 / 28 février 2024
"Location meublée appartement 2 pièces 63 m² Puteaux
2.000 €",Puteaux (92800),"['2 pièces', '1 chambre', '63 m²']","Bail civil résidence secondaire ou logement de fonction à partir du 29 Janvier 2024.
Possibilité bail mobilité.

Appartement F2 d'environ 63 m2, entièrement meublé, qui convient à un cadre ou à un couple désirant se loger en plein quartier des affaires de La Défense. L'appartement est composé d'une entrée, salon/salle à manger, cuisine, salle de bains avec baignoire, dégagement, chambre, wc séparés 4 grandes baies vitrées (2 dans le salon/salle à manger, une dans la chambre, 1 dans la cuisine). Orientation ouest (soleil l'après-midi). Très lumineux avec une vue panoramique sur La Défense, le Cnit, les quatre temps et le Mont Valérien. Étage élevé avec deux ascenseurs. Balcon filant (faisant le tour du salon, cuisine et la chambre).

Accès à personne à mobilité réduite.

2000€ toutes charges comprises (charges de copropriété, internet, eau chaude et froide, chauffage).
Forfait électricité en plus : 80€/mois.","['La Défense', 'Esplanade de la Défense', 'Puteaux']","['', '', '', 'Loyer charges comprises\n2.000 € / mois', 'Dont charges\n200 € / mois', 'Dépôt de garantie\n3.600 €']","{'energy': 'D', 'GES': 'D'}",Réf. : A25/0729 / 28 février 2024
"Location meublée studio 16 m² Pornichet (44380)
445 €",Pornichet (44380),"['1 pièce', '16 m²']","Studio : 445 E/mois charges comprises (inclus eau, électricité, Internet wifi ).
Pornichet : limite Saint-Nazaire Ouest : bien situé.

Location d'un studio-cottage 17 m2 Meublé de Janvier à fin juin.
Cette petite résidence étudiante avec parking se trouve en lotissement, avec un petit jardin indépendant, le tout meublé avec (banquette BZ et lit en hauteur 1 pers TV, table, vaisselle, micro-ondes, salle de bains, douche wc, kitchenette avec induction) dans un quartier très calme et sans vis à vis, avec une entrée indépendante..

Aucun abonnement à prendre ... (comme un appart-hôtel) Mobilier Ikea.

Vous disposerez d'un local à vélos. Lave-linge (Gratuit).
La résidence est située juste à côté de l'hippodrome de Pornichet (St-Sébastien).
Arrêt de bus à 100m de la résidence pour L'IUT et la Fac (10 min en Bus) et à 5 min en voiture par la rocade (3km).
Pas de contact téléphonique le Dimanche merci de votre compréhension","[""  J'utilise Whatsapp. Vous pouvez proposer un appel vidéo pour visiter le logement.\nConditions financières\nLoyer charges comprises\n445 € / mois\nDont charges\n50 € / mois\nDépôt de garantie\n395 €\nClasse énergie\nA\nB\nC\nD\nE\nF\nG\nGES\nA\nB\nC\nD\nE\nF\nG"", ""  J'utilise Whatsapp. Vous pouvez proposer un appel vidéo pour visiter le logement.\nConditions financières\nLoyer charges comprises\n445 € / mois\nDont charges\n50 € / mois\nDépôt de garantie\n395 €\nClasse énergie\nA\nB\nC\nD\nE\nF\nG\nGES\nA\nB\nC\nD\nE\nF\nG"", ""  J'utilise Whatsapp. Vous pouvez proposer un appel vidéo pour visiter le logement.\nConditions financières\nLoyer charges comprises\n445 € / mois\nDont charges\n50 € / mois\nDépôt de garantie\n395 €\nClasse énergie\nA\nB\nC\nD\nE\nF\nG\nGES\nA\nB\nC\nD\nE\nF\nG""]","['', '', '', 'Loyer charges comprises\n445 € / mois', 'Dont charges\n50 € / mois', 'Dépôt de garantie\n395 €']","{'energy': 'B', 'GES': 'C'}",Réf. : E39/2088 / 28 février 2024
"Location appartement 4 pièces 89 m² Chamalières (63400)
1.240 €",Chamalières (63400),"['4 pièces', '2 chambres', '89 m²']","Dans résidence au calme, proche centre et commodités, rez-de-chaussée surélevé avec parking et cave. Chauffage compris dans les charges. Etat neuf. Libre de suite.","['Conditions financières\nLoyer charges comprises\n1.240 € / mois\nDont charges\n290 € / mois\nDépôt de garantie\n950 €\nClasse énergie\nA\nB\nC\nD\nE\nF\nG', 'Conditions financières\nLoyer charges comprises\n1.240 € / mois\nDont charges\n290 € / mois\nDépôt de garantie\n950 €\nClasse énergie\nA\nB\nC\nD\nE\nF\nG', 'Conditions financières\nLoyer charges comprises\n1.240 € / mois\nDont charges\n290 € / mois\nDépôt de garantie\n950 €\nClasse énergie\nA\nB\nC\nD\nE\nF\nG']","['', '', '', 'Loyer charges comprises\n1.240 € / mois', 'Dont charges\n290 € / mois', 'Dépôt de garantie\n950 €']","{'energy': 'Not Available', 'GES': 'Not Available'}",Réf. : F16/1904 / 28 février 2024
"Location meublée appartement 2 pièces 48,21 m² Asnières-Sur-Seine (92600)
1.480 €",Asnières-sur-Seine (92600),"['2 pièces', '1 chambre', '48,21 m²']","À deux pas de la gare d’Asnières-sur-Seine.
Calme.
Meublé.
2 Pièces 48,21 m²
grande terrasse 25 m2
Salon, 1 chambre cuisine salle de bains, wc séparés.
DPE C.
1480€ charges incluses.
État neuf.","['Asnières-sur-Seine', 'Pont de Levallois - Bécon', 'Clichy - Levallois']","['', '', '', 'Loyer charges comprises\n1.480 € / mois', 'Dont charges\n80 € / mois', 'Dépôt de garantie\n2.800 €']","{'energy': 'C', 'GES': 'C'}",Réf. : F17/1246 / 28 février 2024
"Location appartement 3 pièces 70 m² Montpellier (34)
920 €",Montpellier (34000),"['3 pièces', '2 chambres', '70 m²']","Montpellier, Avenue de Lodève, appartement T3 de 70 m2, calme et lumineux, dans une résidence sécurisée, situé au 5ème étage avec ascenseur.

Il se compose :
- d'une entrée avec placard aménagé,
- d'un séjour et d'une cuisine séparée semi-équipée (hotte et plaque de cuisson) avec de nombreux rangements donnant sur une terrasse ensoleillée et sur des espaces verts.
- de 2 chambres,
- d'une salle de bain
- d'un WC séparé

Appartement rénové et équipé de double vitrage.

Un cellier privatif et une place de parking extérieure sont compris dans la location.

L'eau et le chauffage central collectif sont inclus dans les charges.

L'appartement est proche de toutes commodités : arrêt de tramway, ligne de bus, centre commercial, centre médical, …

Loyer : 780 E par mois + 140 E de charges (chauffage et eau compris).
Loyer total : 920 E toutes charges comprises.

Merci de bien vouloir me contacter par téléphone du lundi au vendredi de 15h à 19h, ou par mail.
Merci d'appeler entre 9h et 12h et entre 15h et 18h","['Conditions financières\nLoyer charges comprises\n920 € / mois\nDont charges\n140 € / mois\nDépôt de garantie\n780 €\nZone soumise à encadrement des loyers  -   En savoir plus\nLoyer de référence majoré\n980 €\nClasse énergie\nA\nB\nC\nD\nE\nF\nG\nGES\nA\nB\nC\nD\nE\nF\nG', 'Conditions financières\nLoyer charges comprises\n920 € / mois\nDont charges\n140 € / mois\nDépôt de garantie\n780 €\nZone soumise à encadrement des loyers  -   En savoir plus\nLoyer de référence majoré\n980 €\nClasse énergie\nA\nB\nC\nD\nE\nF\nG\nGES\nA\nB\nC\nD\nE\nF\nG', 'Conditions financières\nLoyer charges comprises\n920 € / mois\nDont charges\n140 € / mois\nDépôt de garantie\n780 €\nZone soumise à encadrement des loyers  -   En savoir plus\nLoyer de référence majoré\n980 €\nClasse énergie\nA\nB\nC\nD\nE\nF\nG\nGES\nA\nB\nC\nD\nE\nF\nG']","['', '', '', 'Loyer charges comprises\n920 € / mois', 'Dont charges\n140 € / mois', 'Dépôt de garantie\n780 €', 'Loyer de référence majoré\n980 €']","{'energy': 'C', 'GES': 'B'}",Réf. : C47/0080 / 28 février 2024
"Location meublée chambre 11 m² Roubaix (59100)
400 €",Roubaix (59100),"['1 pièce', '1 chambre', '11 m²']","Proche bus et à proximité des Écoles : Lycée St Rémy, Jean Rostand, ESMOD, ESAAT, ENSAIT, EDHEC ...

Colocation dans maison refaite à neuf, entièrement équipée, lumineux traversant.
Grand salon avec canapé convertible et fauteuils, TV salle à manger, cuisine toute équipée avec électroménager. Buanderie avec lave linge et sèche linge. La maison comporte 5 chambres et 2 salles de bains et 2 wc.
Chambre meublée avec lit double, literie, bureau, dressing.

Charges 50€ comprenant électricité, chauffage, eau chaude et froide, internet. Éligible APL.

Une présentation par mail de votre situation personnelle est préconisée avant toute visite, un dossier complet vous sera impératif lors de cette visite","['Conditions financières\nLoyer charges comprises\n400 € / mois\nDont charges\n50 € / mois\nDépôt de garantie\n350 €\nClasse énergie\nA\nB\nC\nD\nE\nF\nG\nGES\nA\nB\nC\nD\nE\nF\nG', 'Conditions financières\nLoyer charges comprises\n400 € / mois\nDont charges\n50 € / mois\nDépôt de garantie\n350 €\nClasse énergie\nA\nB\nC\nD\nE\nF\nG\nGES\nA\nB\nC\nD\nE\nF\nG', 'Conditions financières\nLoyer charges comprises\n400 € / mois\nDont charges\n50 € / mois\nDépôt de garantie\n350 €\nClasse énergie\nA\nB\nC\nD\nE\nF\nG\nGES\nA\nB\nC\nD\nE\nF\nG']","['', '', '', 'Loyer charges comprises\n400 € / mois', 'Dont charges\n50 € / mois', 'Dépôt de garantie\n350 €']","{'energy': 'C', 'GES': 'C'}",Réf. : E40/0830 / 28 février 2024
"Location appartement 3 pièces 45 m² Saint-Remy-Les-Chevreuse (78470)
1.110 €",Saint-Rémy-lès-Chevreuse (78470),"['3 pièces', '2 chambres', '45 m²']","Saint-Rémy-les-Chevreuse 78 - dans une belle résidence dans centre-ville, 5 min à pied du RER B, bus Versailles, Saint-Quentin-en-Yvelines, toutes commodités, école, universités, CNRS, CEA, Plateau de Saclay, Supelec, Polytechnique, etc...dans un endroit très calme et résidentiel.
Un appartement F3 refait à neuf de 50 m² au sol avec de très belles poutres, très clair au dernier étage dans une maison de ville de deux étages, composé d'une cuisine entièrement équipée (lave-linge, lave-vaisselle, four multi-fonction, plaque de cuisson, réfrigérateur/congélateur), deux chambres avec placards, un séjour et une salle de bains avec douche à l'italienne.
Appartement plein de charme, refait à neuf, chauffage individuel.
Climatisation avec pompe à chaleur air/air réversible
Location vide, possibilité location meublée.
Colocation acceptée.
Possibilité d'une place de parking en sus
Loyer 1060€ + 50€ de charges.","['Saint-Rémy-lès-Chevreuse', 'Courcelle-sur-Yvette', 'Gif-sur-Yvette']","['', '', '', 'Loyer charges comprises\n1.110 € / mois', 'Dont charges\n50 € / mois', 'Dépôt de garantie\n1.060 €']","{'energy': 'Not Available', 'GES': 'Not Available'}",Réf. : A45/1790 / 28 février 2024
"Location meublée appartement 2 pièces 30 m² Rueil-Malmaison (92500)
1.200 €",Rueil-Malmaison (92500),"['2 pièces', '1 chambre', '30 m²']","Cœur de ville de Rueil Malmaison, Salle de douche/wc, chambre, salon/salle à manger/cuisine ouverte, chauffage électrique, commerces, transports, écoles à 50 m.","['Rueil-Malmaison', 'Chatou - Croissy', 'Nanterre - Ville']","['', '', '', 'Loyer charges comprises\n1.200 € / mois', 'Dont charges\n50 € / mois', 'Dépôt de garantie\n2.300 €']","{'energy': 'B', 'GES': 'B'}",Réf. : F15/1902 / 27 février 2024
"Location meublée appartement 2 pièces 46 m² Aix-En-Provence (13)
990 €",Aix-en-Provence (13090),"['2 pièces', '2 chambres', '46 m²']","Appartement meublé 46 m², style duplex, dans maison calme d'un étage, tout équipé (réfrigérateur, lave-vaisselle, lave-linge...), cuisine américaine, très lumineux, plein sud. Belle terrasse 9 m². Chambre avec lit double et rangement et une autre chambre (lit double), salle d'eau avec douche et wc séparés.

Proche commerces.

Disponible à partir du 1er mars.
Colocation possible.

Loyer : 930 E/mois + 60 E de charges.


Garants demandés. Caution solidaire.
Caution/garantie : 2 mois de loyer hors charges.
Merci de me contacter par mail en priorité.","['Conditions financières\nLoyer charges comprises\n990 € / mois\nDont charges\n60 € / mois\nDépôt de garantie\n1.860 €', 'Conditions financières\nLoyer charges comprises\n990 € / mois\nDont charges\n60 € / mois\nDépôt de garantie\n1.860 €', 'Conditions financières\nLoyer charges comprises\n990 € / mois\nDont charges\n60 € / mois\nDépôt de garantie\n1.860 €']","['', '', '', 'Loyer charges comprises\n990 € / mois', 'Dont charges\n60 € / mois', 'Dépôt de garantie\n1.860 €']","{'energy': 'Not Available', 'GES': 'Not Available'}",Réf. : 907/B015 / 22 février 2024
"Location appartement 3 pièces 58 m² Châtillon (92320)
1.500 €",Châtillon (92320),"['3 pièces', '2 chambres', '58 m²']","Nous louons notre appartement traversant refait à neuf en 2019 : peinture, parquet, cuisine, salle de bains, wc, électricité et faux plafonds,
Il est très lumineux grâce à son exposition et ses grandes portes fenêtres,
Surfaces 58 m2 / avec 2 chambres et un salon très lumineux , idéal pour un couple ou une petite famille !

Cuisine séparée du salon par une verrière style industriel, elle sera équipée d'un four, micro-ondes, plaque et lave vaisselle, (pas de frigo ni lave linge),

L'immeuble est rue Gabriel Péri, à 2 minutes du T6 (arrêt Châtillon centre) et à 15 min à pied du terminus de la ligne 13 (arrêt Châtillon Montrouge),
Place de parking en sous sol,
Crèche et école maternelle à 10 min à pied !

Disponible le 9 Mars 2024.

Loyer: 1500 E/mois dont 260 E de charges.
Location non meublée.

Dpe en cours.

N'hésitez pas à nous contacter si intéressés pour avoir plus de photos,
Au plaisir de vous rencontrer. ️","['Centre de Châtillon', 'Parc André Malraux', 'Vauban']","['', '', '', 'Loyer charges comprises\n1.500 € / mois', 'Dont charges\n260 € / mois', 'Dépôt de garantie\n1.240 €']","{'energy': 'Not Available', 'GES': 'Not Available'}",Réf. : F18/0836 / 28 février 2024
"Location meublée studio 25 m² Six-Fours-Les-Plages (83140)
690 €",Six-Fours-les-Plages (83140),"['1 pièce', '25 m²']","Studio moderne climatisé de 25 m2, équipé du WIFI avec terrasse de 10 m2, à 150 m des plages, commerces et restaurants, au 1er étage avec ascenseur dans résidence privée, situé dans le grand parc arboré de la Coudoulière.
Accès piscines privées et courts de tennis.
Très bien aménagé et fonctionnel, composé d'un salon avec cuisine américaine, 1 coin nuit avec lit double 140, + 1 canapé lit dans la partie salon, de grands placards, 1 salle d'eau + wc.
Équipements : Réfrigérateur avec compartiment congélateur, plaque électrique, four à micro-ondes, machine à laver, télévision connectée, plancha, machine à café, vaisselle pour 4 personnes...un inventaire sera fourni à votre arrivée.
Situé non loin de Sanary-sur- mer, Bandol et des calanques de Cassis, les possibilités de promenades ou randonnées dans un magnifique environnement sont très nombreuses.
LOCATION AU MOIS DU 1er MARS AU 29 JUIN 2024, puis à partir du 1er septembre 2024 jusqu'au 30 juin 2025.
LOCATION A LA SEMAINE EN JUILLET ET AOÛT avec prix dégressifs en fonction du nombre de semaines réservées.","['Conditions financières\nLoyer charges comprises\n690 € / mois\nDont charges\n140 € / mois\nDépôt de garantie\n1.000 €\nClasse énergie\nA\nB\nC\nD\nE\nF\nG\nGES\nA\nB\nC\nD\nE\nF\nG', 'Conditions financières\nLoyer charges comprises\n690 € / mois\nDont charges\n140 € / mois\nDépôt de garantie\n1.000 €\nClasse énergie\nA\nB\nC\nD\nE\nF\nG\nGES\nA\nB\nC\nD\nE\nF\nG', 'Conditions financières\nLoyer charges comprises\n690 € / mois\nDont charges\n140 € / mois\nDépôt de garantie\n1.000 €\nClasse énergie\nA\nB\nC\nD\nE\nF\nG\nGES\nA\nB\nC\nD\nE\nF\nG']","['', '', '', 'Loyer charges comprises\n690 € / mois', 'Dont charges\n140 € / mois', 'Dépôt de garantie\n1.000 €']","{'energy': 'B', 'GES': 'B'}",Réf. : E94/0605 / 28 février 2024
"Location meublée studio 30 m² Antibes
750 €",Antibes (06600),"['1 pièce', '30 m²']","Libre 1 Novembre .

Centre Ville Antibes, situation idéale pour découvrir Antibes à pied, marché provençal, restaurants, plages et commerces 10 mn à pied, station de bus à 10 mn pour visiter la région.

Luxueux studio, meublé, équipé, refait à neuf : lave-vaisselle, lave-linge, lave-linge, wifi,climatisation, porte blindée, tout le confort moderne ,TV etc... Tous commerces à pied, plage à 5 mn à pied, musée, médiathèque autour de l'appartement, rue piétonne, quartier très vivant toute l'année.
Loyer 750 Euros.
Sur la ligne de bus direct pour Sophia-Antipolis.

Pour facilité le contact avec les propriétaires, ils sont juste à coté.","['Conditions financières\nLoyer charges comprises\n750 € / mois\nDont charges\n50 € / mois\nDépôt de garantie\n750 €\nClasse énergie\nA\nB\nC\nD\nE\nF\nG\nGES\nA\nB\nC\nD\nE\nF\nG', 'Conditions financières\nLoyer charges comprises\n750 € / mois\nDont charges\n50 € / mois\nDépôt de garantie\n750 €\nClasse énergie\nA\nB\nC\nD\nE\nF\nG\nGES\nA\nB\nC\nD\nE\nF\nG', 'Conditions financières\nLoyer charges comprises\n750 € / mois\nDont charges\n50 € / mois\nDépôt de garantie\n750 €\nClasse énergie\nA\nB\nC\nD\nE\nF\nG\nGES\nA\nB\nC\nD\nE\nF\nG']","['', '', '', 'Loyer charges comprises\n750 € / mois', 'Dont charges\n50 € / mois', 'Dépôt de garantie\n750 €']","{'energy': 'C', 'GES': 'C'}",Réf. : C42/0147 / 28 février 2024
"Location studio 22 m² Asnières-Sur-Seine (92600)
720 €",Asnières-sur-Seine (92600),"['1 pièce', '22 m²']","Dans un immeuble des années 30, très calme et bien entretenu, un studio au 3e étage sans ascenseur, donnant sur deux cours intérieures.
Gare SNCF d'Asnières à 5 min, St Lazare à 10 min.
Parquet massif au sol, peintures blanches refaites récemment.
Double vitrage.
Chauffage central inclus dans les charges.
Gardienne d'immeuble.
Cave en sous-sol.
Garage à vélo fermé et couvert possible.
Libre immédiatement.

Dpe en cours.

Merci de ne répondre à l'annonce que par la messagerie du site, avec impérativement votre situation professionnelle et vos garanties. Réponse assurée pour les dossiers sérieux.","['Les Agnettes', 'Gabriel Péri - Asnières - Gennevilliers', 'Bois-Colombes']","['', '', '', 'Loyer charges comprises\n720 € / mois', 'Dont charges\n70 € / mois', 'Dépôt de garantie\n650 €']","{'energy': 'Not Available', 'GES': 'Not Available'}",Réf. : F09/1424 / 28 février 2024
"Location meublée appartement 2 pièces 38 m² Boulogne-Billancourt
1.390 €",Boulogne-Billancourt (92100),"['2 pièces', '1 chambre', '38 m²']","Proche métros Jean Jaurès et Pont de St-Cloud. Toutes commodités et commerces.
Dans petite copropriété. 2 pièces 38 m² refait à neuf et meublé,
double exposition très dégagée et ensoleillée, vue square : cuisine équipée neuve avec électroménager neuf, parquet. Interphone.

Caution demandée.
Loyer : 1390 E/mois provision charges comprise.","['Conditions financières\nLoyer charges comprises\n1.390 € / mois\nDont charges\n20 € / mois\nDépôt de garantie\n2.740 €\nClasse énergie\nA\nB\nC\nD\nE\nF\nG\nGES\nA\nB\nC\nD\nE\nF\nG', 'Conditions financières\nLoyer charges comprises\n1.390 € / mois\nDont charges\n20 € / mois\nDépôt de garantie\n2.740 €\nClasse énergie\nA\nB\nC\nD\nE\nF\nG\nGES\nA\nB\nC\nD\nE\nF\nG', 'Conditions financières\nLoyer charges comprises\n1.390 € / mois\nDont charges\n20 € / mois\nDépôt de garantie\n2.740 €\nClasse énergie\nA\nB\nC\nD\nE\nF\nG\nGES\nA\nB\nC\nD\nE\nF\nG']","['', '', '', 'Loyer charges comprises\n1.390 € / mois', 'Dont charges\n20 € / mois', 'Dépôt de garantie\n2.740 €']","{'energy': 'D', 'GES': 'B'}",Réf. : 846/D031 / 28 février 2024
"Location meublée appartement 4 pièces 124 m² Antony (92160)
2.850 €",Antony (92160),"['4 pièces', '3 chambres', '124 m²']","Superbe duplex meublé de standing neuf, de 4 pièces très lumineux dans un secteur pavillonnaire au calme, proche du centre-ville avec terrasse de 20m2 avec vue imprenable sur la coulée verte sans vis à vis..

Prestations de qualité avec entrée, 1 cuisine séparée par une verrière,
1 grand salon, 3 grandes chambres avec nombreux rangements, 2 salles de bains, 2 wc, terrasse sur le toit et jardin privé avec accès direct coulée verte.

2850 €/mois charges comprises.","['Antony', 'La Croix de Berny', 'Fontaine-Michalon']","['', '', '', 'Loyer charges comprises\n2.850 € / mois', 'Dont charges\n100 € / mois', 'Dépôt de garantie\n5.500 €']","{'energy': 'Not Available', 'GES': 'Not Available'}",Réf. : D27/1065 / 28 février 2024
"Location studio 34 m² Boulogne-Billancourt
1.250 €",Boulogne-Billancourt (92100),"['1 pièce', '34 m²']","Proche métro Billancourt (ligne 9), rue de Silly à Boulogne Billancourt, studio non meublé de 34 m² situé au 5ème étage avec ascenseur.
Un box fermé et une cave complètent cet appartement.

Refait à neuf, il se compose :
une entrée avec placard aménagé, étagères et penderie, un beau séjour lumineux donnant sur un balcon de 6 m², cuisine moderne, réfrigérateur, plaques et hotte aspirante électriques, salle d'eau avec douche à l'italienne équipée d'un meuble vasque.
Branchement disponible pour lave-vaisselle, lave-linge et différents fours.
Sécurisé avec interphone et vigik.

Disponible immédiatement.
Sérieuses références demandées (avec garant de préférence).","['Boulogne - Pont de Saint-Cloud (Rhin et Danube)', 'Billancourt', 'Boulogne - Jean Jaurès']","['', '', '', 'Loyer charges comprises\n1.250 € / mois', 'Dont charges\n130 € / mois', 'Dépôt de garantie\n1.120 €']","{'energy': 'C', 'GES': 'C'}",Réf. : F07/1486 / 28 février 2024
"Location meublée appartement 3 pièces 71 m² Nice (06000)
1.450 €",Nice (06000),"['3 pièces', '2 chambres', '71 m²']","Libre de suite.
Appartement meublé de 3 pièces situé au 1er étage comprenant :
2 chambres climatisées, une grande pièce salon/salle à manger avec cuisine équipée avec îlot centrale, une salle de bain avec douche italienne, wc.
Chauffage collectif.

L’immeuble est accessible pour Personne à mobilité réduite.
Situé quartier des musiciens proche de la gare Nice Ville et de Jean Médecin.

Un emplacement box est disponible en sus.

Il sera demandé 2 mois de caution.
Le loyer est de 1.300 euros + 150 euros de provisions sur charges .","['Conditions financières\nLoyer charges comprises\n1.450 € / mois\nDont charges\n150 € / mois\nDépôt de garantie\n2.600 €', 'Conditions financières\nLoyer charges comprises\n1.450 € / mois\nDont charges\n150 € / mois\nDépôt de garantie\n2.600 €', 'Conditions financières\nLoyer charges comprises\n1.450 € / mois\nDont charges\n150 € / mois\nDépôt de garantie\n2.600 €']","['', '', '', 'Loyer charges comprises\n1.450 € / mois', 'Dont charges\n150 € / mois', 'Dépôt de garantie\n2.600 €']","{'energy': 'Not Available', 'GES': 'Not Available'}",Réf. : F19/2017 / 28 février 2024
"Location meublée appartement 3 pièces 35 m² Paris 20E (75020)
1.350 €",Paris 20e (75020),"['3 pièces', '2 chambres', '35 m²']","Appartement meublé.
Idéal colocation.
Au 2ème étage, calme, refait à neuf.
Isolation thermique classe C.

Il comprend :
Entrée
Séjour
2 chambres indépendantes (avec un lit convertible et un lit double, armoire/penderie, bureau )
Cuisine entièrement équipée, plaque induction, réfrigérateur/congélateur, lave-linge
Salle d'eau, douche, lavabo, wc

Fenêtres double vitrage, parquet massif.
Chauffage électrique basse consommation.

Fibre Wifi
Digicode, gardien
Espace à vélos
Cave

Situé rue de Ménilmontant
Transports, commerces, à proximité.
Location longue durée, +2 ans
Libre de suite.
Loyer 1350 €/mois charges comprises","['Ménilmontant', 'Couronnes', 'Père Lachaise']","['', '', '', 'Loyer charges comprises\n1.350 € / mois', 'Dont charges\n150 € / mois', 'Dépôt de garantie\n2.000 €', 'Loyer de référence majoré\n990,50 €', 'Complément de loyer\n209,50 €']","{'energy': 'C', 'GES': 'A'}",Réf. : F19/2019 / 28 février 2024
"Location meublée appartement 3 pièces 55 m² Marseille
880 €",Marseille 4e (13004),"['3 pièces', '2 chambres', '55 m²']","1 mn à pied tramway et gare de la Blancarde.

T3, 55 m2 meublé, très calme, luxe comprenant: climatisation, lave-linge, lave-vaisselle, four, réfrigérateur, congélateur, vaisselle, tv écran plat, lit, linge de maison.

Au 3e sans ascenseur.

Balcon panoramique plein sud. Etat neuf.

Loyer : 850€ + 30€ de charges.","['Conditions financières\nLoyer charges comprises\n880 € / mois\nDont charges\n30 € / mois\nDépôt de garantie\n1.800 €\nGES\nA\nB\nC\nD\nE\nF\nG', 'Conditions financières\nLoyer charges comprises\n880 € / mois\nDont charges\n30 € / mois\nDépôt de garantie\n1.800 €\nGES\nA\nB\nC\nD\nE\nF\nG', 'Conditions financières\nLoyer charges comprises\n880 € / mois\nDont charges\n30 € / mois\nDépôt de garantie\n1.800 €\nGES\nA\nB\nC\nD\nE\nF\nG']","['', '', '', 'Loyer charges comprises\n880 € / mois', 'Dont charges\n30 € / mois', 'Dépôt de garantie\n1.800 €']","{'energy': 'Not Available', 'GES': 'Not Available'}",Réf. : 667/4090 / 28 février 2024
"Location appartement 2 pièces 51 m² Évry-Courcouronnes
1.122 €",Évry-Courcouronnes (91000),"['2 pièces', '1 chambre', '51 m²']","Disponible le 15 mars 2024 : T2 Evry-Cathédrale Quartier très central, très calme. Proche toutes commodités : commerces, parc, universités, mairie.
gare Evry-Courcouronnes RER D, Bus 401/402/407/9104/N135, Tram T12.

Appartement T2 de 51 m2, traversant, très clair, avec carrelage et parquet, au 3e étage dans immeuble architecturé de 3 étages de 1992), calme, bien entretenu, ascenseur. Belles vues.
Séjour 21 m2 orienté sud, grandes baies donnant sur une extension de terrasse couverte de 13 m2. Chambre 13 m2 avec placard. Salle de bain avec baignoire. Cuisine carrelée équipée : induction 4 foyers, hotte aspirante, évier, emplacement lave-linge, lave-vaisselle et frigo, 9 placards et rangements. Entrée avec placards, wc séparés avec placard.
Digicode. Ascenseur. Place parking en sous-sol, + local vélo sécurisé.
Prix : 1122 € : Loyer : 880€ + charges : 242 €.
Disponible 15 mars 2024.

DPE en cours.","['Evry - Courcouronnes', 'Le Bras de Fer - Évry - Génopole', 'Evry']","['', '', '', 'Loyer charges comprises\n1.122 € / mois', 'Dont charges\n242 € / mois', 'Dépôt de garantie\n880 €']","{'energy': 'D', 'GES': 'E'}",Réf. : F18/0262 / 27 février 2024
"Location studio 18,15 m² Perpignan (66000)
495 €",Perpignan (66000),"['1 pièce', '1 chambre', '18,15 m²']","Studio entièrement rénové.
1 pièce de 18,15 m2**. Porte fenêtre donnant sur balcon sans vis-à-vis.

Au sein de la résidence Le Carlit à Perpignan, quartier les Platanes au 3ème étage sur 6.

Pas de frais d'agence ,dossier solide avec REVENUS réguliers et 2 GARANTS obligatoires
Sinon aucune suite ne sera donnée au dossier
Éligible aux APL

Il se compose d'un coin salon, kitchenette équipée, salle d'eau avec wc.
Petit balcon à disposition de 4 m2.
Vue dégagée et sans vis-à-vis, à meubler selon votre goût.

Les charges comprennent le chauffage collectif ,eau froide, eau chaude, ascenseur, salaire du gardien, entretien des espaces verts, électricité et ménage des parties communes.

Prestations : ascenseur,digicode, gardien, vidéosurveillance,portail électrique, parking dans la résidence

Les + de ce bien** • Stationnement possible • Cuisine équipée • Balcon • Ascenseur • Proximité transports et commerces à pieds

Le logement est propre, rénové, calme sécurisé avec porte blindée neuve et serrure neuve 3 points .

Libre pour locataire seul ,sérieux avec dossier solide ,loyer 495 € /mois (loyer 380€ + 115 € de charges) APL possible + caution 2 mois de loyer hors charges restitués à la fin de la location

Modalité de récupération des charges locatives : Prévisionnelles mensuelles avec régularisation annuelle

Diagnostics immobiliers ok performance énergétique et GES en D","['Conditions financières\nLoyer charges comprises\n495 € / mois\nDont charges\n115 € / mois\nDépôt de garantie\n380 €\nClasse énergie\nA\nB\nC\nD\nE\nF\nG\nGES\nA\nB\nC\nD\nE\nF\nG', 'Conditions financières\nLoyer charges comprises\n495 € / mois\nDont charges\n115 € / mois\nDépôt de garantie\n380 €\nClasse énergie\nA\nB\nC\nD\nE\nF\nG\nGES\nA\nB\nC\nD\nE\nF\nG', 'Conditions financières\nLoyer charges comprises\n495 € / mois\nDont charges\n115 € / mois\nDépôt de garantie\n380 €\nClasse énergie\nA\nB\nC\nD\nE\nF\nG\nGES\nA\nB\nC\nD\nE\nF\nG']","['', '', '', 'Loyer charges comprises\n495 € / mois', 'Dont charges\n115 € / mois', 'Dépôt de garantie\n380 €']","{'energy': 'D', 'GES': 'D'}",Réf. : F15/2239 / 28 février 2024
"Location meublée appartement 2 pièces 45 m² Ivors (60141)
565 €",Ivors (60141),"['2 pièces', '1 chambre', '45 m²']","F2 de 45 m2 avec mezzanine, jardin-terrasse, à Ivors - 9km Villers, 12km Crepy.

Manoir datant de 1865. Refait à neuf. Cadre de vie exceptionnel en campagne et à proximité des grands axes. 69km de Paris. 12km Crépy. 9km Villers-Cotterêts.

Appartement meublé F2 de 45m2 avec mezzanine de 7m2 et jardin-terrasse. Décoration et mobilier. Haut de plafond. Cuisine équipée. 1 chambre. Jardin-terrasse. Terrain de 4.000 m2. Place de parking.

Loyer 530 E/mois + 35 E par mois charges. Possible d'installer une connexion privée par fibre optique. Avantages du Manoir La Florentine: Accès connexion fibre internet WIFI gratuit dans les parties communes.
Nous contacter de préférence par email ou message.","['Conditions financières\nLoyer charges comprises\n565 € / mois\nDont charges\n35 € / mois\nDépôt de garantie\n1.060 €\nClasse énergie\nA\nB\nC\nD\nE\nF\nG\nGES\nA\nB\nC\nD\nE\nF\nG\nLogement à consommation énergétique excessive : classe F', 'Conditions financières\nLoyer charges comprises\n565 € / mois\nDont charges\n35 € / mois\nDépôt de garantie\n1.060 €\nClasse énergie\nA\nB\nC\nD\nE\nF\nG\nGES\nA\nB\nC\nD\nE\nF\nG\nLogement à consommation énergétique excessive : classe F', 'Conditions financières\nLoyer charges comprises\n565 € / mois\nDont charges\n35 € / mois\nDépôt de garantie\n1.060 €\nClasse énergie\nA\nB\nC\nD\nE\nF\nG\nGES\nA\nB\nC\nD\nE\nF\nG\nLogement à consommation énergétique excessive : classe F']","['', '', '', 'Loyer charges comprises\n565 € / mois', 'Dont charges\n35 € / mois', 'Dépôt de garantie\n1.060 €']","{'energy': 'F', 'GES': 'C'}",Réf. : A75/0928 / 22 février 2024
"Location appartement 3 pièces 58 m² Châtillon (92320)
1.500 €",Châtillon (92320),"['3 pièces', '2 chambres', '58 m²']","Nous louons notre appartement traversant refait à neuf en 2019 : peinture, parquet, cuisine, salle de bains, wc, électricité et faux plafonds,
Il est très lumineux grâce à son exposition et ses grandes portes fenêtres,
Surfaces 58 m2 / avec 2 chambres et un salon très lumineux , idéal pour un couple ou une petite famille !

Cuisine séparée du salon par une verrière style industriel, elle sera équipée d'un four, micro-ondes, plaque et lave vaisselle, (pas de frigo ni lave linge),

L'immeuble est rue Gabriel Péri, à 2 minutes du T6 (arrêt Châtillon centre) et à 15 min à pied du terminus de la ligne 13 (arrêt Châtillon Montrouge),
Place de parking en sous sol,
Crèche et école maternelle à 10 min à pied !

Disponible le 9 Mars 2024.

Loyer: 1500 E/mois dont 260 E de charges.
Location non meublée.

Dpe en cours.

N'hésitez pas à nous contacter si intéressés pour avoir plus de photos,
Au plaisir de vous rencontrer. ️","['Centre de Châtillon', 'Parc André Malraux', 'Vauban']","['', '', '', 'Loyer charges comprises\n1.500 € / mois', 'Dont charges\n260 € / mois', 'Dépôt de garantie\n1.240 €']","{'energy': 'Not Available', 'GES': 'Not Available'}",Réf. : F18/0836 / 28 février 2024
"Location meublée studio 25 m² Six-Fours-Les-Plages (83140)
690 €",Six-Fours-les-Plages (83140),"['1 pièce', '25 m²']","Studio moderne climatisé de 25 m2, équipé du WIFI avec terrasse de 10 m2, à 150 m des plages, commerces et restaurants, au 1er étage avec ascenseur dans résidence privée, situé dans le grand parc arboré de la Coudoulière.
Accès piscines privées et courts de tennis.
Très bien aménagé et fonctionnel, composé d'un salon avec cuisine américaine, 1 coin nuit avec lit double 140, + 1 canapé lit dans la partie salon, de grands placards, 1 salle d'eau + wc.
Équipements : Réfrigérateur avec compartiment congélateur, plaque électrique, four à micro-ondes, machine à laver, télévision connectée, plancha, machine à café, vaisselle pour 4 personnes...un inventaire sera fourni à votre arrivée.
Situé non loin de Sanary-sur- mer, Bandol et des calanques de Cassis, les possibilités de promenades ou randonnées dans un magnifique environnement sont très nombreuses.
LOCATION AU MOIS DU 1er MARS AU 29 JUIN 2024, puis à partir du 1er septembre 2024 jusqu'au 30 juin 2025.
LOCATION A LA SEMAINE EN JUILLET ET AOÛT avec prix dégressifs en fonction du nombre de semaines réservées.","['Conditions financières\nLoyer charges comprises\n690 € / mois\nDont charges\n140 € / mois\nDépôt de garantie\n1.000 €\nClasse énergie\nA\nB\nC\nD\nE\nF\nG\nGES\nA\nB\nC\nD\nE\nF\nG', 'Conditions financières\nLoyer charges comprises\n690 € / mois\nDont charges\n140 € / mois\nDépôt de garantie\n1.000 €\nClasse énergie\nA\nB\nC\nD\nE\nF\nG\nGES\nA\nB\nC\nD\nE\nF\nG', 'Conditions financières\nLoyer charges comprises\n690 € / mois\nDont charges\n140 € / mois\nDépôt de garantie\n1.000 €\nClasse énergie\nA\nB\nC\nD\nE\nF\nG\nGES\nA\nB\nC\nD\nE\nF\nG']","['', '', '', 'Loyer charges comprises\n690 € / mois', 'Dont charges\n140 € / mois', 'Dépôt de garantie\n1.000 €']","{'energy': 'B', 'GES': 'B'}",Réf. : E94/0605 / 28 février 2024
"Location meublée studio 30 m² Antibes
750 €",Antibes (06600),"['1 pièce', '30 m²']","Libre 1 Novembre .

Centre Ville Antibes, situation idéale pour découvrir Antibes à pied, marché provençal, restaurants, plages et commerces 10 mn à pied, station de bus à 10 mn pour visiter la région.

Luxueux studio, meublé, équipé, refait à neuf : lave-vaisselle, lave-linge, lave-linge, wifi,climatisation, porte blindée, tout le confort moderne ,TV etc... Tous commerces à pied, plage à 5 mn à pied, musée, médiathèque autour de l'appartement, rue piétonne, quartier très vivant toute l'année.
Loyer 750 Euros.
Sur la ligne de bus direct pour Sophia-Antipolis.

Pour facilité le contact avec les propriétaires, ils sont juste à coté.","['Conditions financières\nLoyer charges comprises\n750 € / mois\nDont charges\n50 € / mois\nDépôt de garantie\n750 €\nClasse énergie\nA\nB\nC\nD\nE\nF\nG\nGES\nA\nB\nC\nD\nE\nF\nG', 'Conditions financières\nLoyer charges comprises\n750 € / mois\nDont charges\n50 € / mois\nDépôt de garantie\n750 €\nClasse énergie\nA\nB\nC\nD\nE\nF\nG\nGES\nA\nB\nC\nD\nE\nF\nG', 'Conditions financières\nLoyer charges comprises\n750 € / mois\nDont charges\n50 € / mois\nDépôt de garantie\n750 €\nClasse énergie\nA\nB\nC\nD\nE\nF\nG\nGES\nA\nB\nC\nD\nE\nF\nG']","['', '', '', 'Loyer charges comprises\n750 € / mois', 'Dont charges\n50 € / mois', 'Dépôt de garantie\n750 €']","{'energy': 'C', 'GES': 'C'}",Réf. : C42/0147 / 28 février 2024
"Location studio 22 m² Asnières-Sur-Seine (92600)
720 €",Asnières-sur-Seine (92600),"['1 pièce', '22 m²']","Dans un immeuble des années 30, très calme et bien entretenu, un studio au 3e étage sans ascenseur, donnant sur deux cours intérieures.
Gare SNCF d'Asnières à 5 min, St Lazare à 10 min.
Parquet massif au sol, peintures blanches refaites récemment.
Double vitrage.
Chauffage central inclus dans les charges.
Gardienne d'immeuble.
Cave en sous-sol.
Garage à vélo fermé et couvert possible.
Libre immédiatement.

Dpe en cours.

Merci de ne répondre à l'annonce que par la messagerie du site, avec impérativement votre situation professionnelle et vos garanties. Réponse assurée pour les dossiers sérieux.","['Les Agnettes', 'Gabriel Péri - Asnières - Gennevilliers', 'Bois-Colombes']","['', '', '', 'Loyer charges comprises\n720 € / mois', 'Dont charges\n70 € / mois', 'Dépôt de garantie\n650 €']","{'energy': 'Not Available', 'GES': 'Not Available'}",Réf. : F09/1424 / 28 février 2024
"Location meublée appartement 2 pièces 38 m² Boulogne-Billancourt
1.390 €",Boulogne-Billancourt (92100),"['2 pièces', '1 chambre', '38 m²']","Proche métros Jean Jaurès et Pont de St-Cloud. Toutes commodités et commerces.
Dans petite copropriété. 2 pièces 38 m² refait à neuf et meublé,
double exposition très dégagée et ensoleillée, vue square : cuisine équipée neuve avec électroménager neuf, parquet. Interphone.

Caution demandée.
Loyer : 1390 E/mois provision charges comprise.","['Conditions financières\nLoyer charges comprises\n1.390 € / mois\nDont charges\n20 € / mois\nDépôt de garantie\n2.740 €\nClasse énergie\nA\nB\nC\nD\nE\nF\nG\nGES\nA\nB\nC\nD\nE\nF\nG', 'Conditions financières\nLoyer charges comprises\n1.390 € / mois\nDont charges\n20 € / mois\nDépôt de garantie\n2.740 €\nClasse énergie\nA\nB\nC\nD\nE\nF\nG\nGES\nA\nB\nC\nD\nE\nF\nG', 'Conditions financières\nLoyer charges comprises\n1.390 € / mois\nDont charges\n20 € / mois\nDépôt de garantie\n2.740 €\nClasse énergie\nA\nB\nC\nD\nE\nF\nG\nGES\nA\nB\nC\nD\nE\nF\nG']","['', '', '', 'Loyer charges comprises\n1.390 € / mois', 'Dont charges\n20 € / mois', 'Dépôt de garantie\n2.740 €']","{'energy': 'D', 'GES': 'B'}",Réf. : 846/D031 / 28 février 2024
"Location meublée appartement 4 pièces 124 m² Antony (92160)
2.850 €",Antony (92160),"['4 pièces', '3 chambres', '124 m²']","Superbe duplex meublé de standing neuf, de 4 pièces très lumineux dans un secteur pavillonnaire au calme, proche du centre-ville avec terrasse de 20m2 avec vue imprenable sur la coulée verte sans vis à vis..

Prestations de qualité avec entrée, 1 cuisine séparée par une verrière,
1 grand salon, 3 grandes chambres avec nombreux rangements, 2 salles de bains, 2 wc, terrasse sur le toit et jardin privé avec accès direct coulée verte.

2850 €/mois charges comprises.","['Antony', 'La Croix de Berny', 'Fontaine-Michalon']","['', '', '', 'Loyer charges comprises\n2.850 € / mois', 'Dont charges\n100 € / mois', 'Dépôt de garantie\n5.500 €']","{'energy': 'Not Available', 'GES': 'Not Available'}",Réf. : D27/1065 / 28 février 2024
"Location studio 34 m² Boulogne-Billancourt
1.250 €",Boulogne-Billancourt (92100),"['1 pièce', '34 m²']","Proche métro Billancourt (ligne 9), rue de Silly à Boulogne Billancourt, studio non meublé de 34 m² situé au 5ème étage avec ascenseur.
Un box fermé et une cave complètent cet appartement.

Refait à neuf, il se compose :
une entrée avec placard aménagé, étagères et penderie, un beau séjour lumineux donnant sur un balcon de 6 m², cuisine moderne, réfrigérateur, plaques et hotte aspirante électriques, salle d'eau avec douche à l'italienne équipée d'un meuble vasque.
Branchement disponible pour lave-vaisselle, lave-linge et différents fours.
Sécurisé avec interphone et vigik.

Disponible immédiatement.
Sérieuses références demandées (avec garant de préférence).","['Boulogne - Pont de Saint-Cloud (Rhin et Danube)', 'Billancourt', 'Boulogne - Jean Jaurès']","['', '', '', 'Loyer charges comprises\n1.250 € / mois', 'Dont charges\n130 € / mois', 'Dépôt de garantie\n1.120 €']","{'energy': 'C', 'GES': 'C'}",Réf. : F07/1486 / 28 février 2024
"Location meublée appartement 3 pièces 71 m² Nice (06000)
1.450 €",Nice (06000),"['3 pièces', '2 chambres', '71 m²']","Libre de suite.
Appartement meublé de 3 pièces situé au 1er étage comprenant :
2 chambres climatisées, une grande pièce salon/salle à manger avec cuisine équipée avec îlot centrale, une salle de bain avec douche italienne, wc.
Chauffage collectif.

L’immeuble est accessible pour Personne à mobilité réduite.
Situé quartier des musiciens proche de la gare Nice Ville et de Jean Médecin.

Un emplacement box est disponible en sus.

Il sera demandé 2 mois de caution.
Le loyer est de 1.300 euros + 150 euros de provisions sur charges .","['Conditions financières\nLoyer charges comprises\n1.450 € / mois\nDont charges\n150 € / mois\nDépôt de garantie\n2.600 €', 'Conditions financières\nLoyer charges comprises\n1.450 € / mois\nDont charges\n150 € / mois\nDépôt de garantie\n2.600 €', 'Conditions financières\nLoyer charges comprises\n1.450 € / mois\nDont charges\n150 € / mois\nDépôt de garantie\n2.600 €']","['', '', '', 'Loyer charges comprises\n1.450 € / mois', 'Dont charges\n150 € / mois', 'Dépôt de garantie\n2.600 €']","{'energy': 'Not Available', 'GES': 'Not Available'}",Réf. : F19/2017 / 28 février 2024
"Location meublée appartement 3 pièces 35 m² Paris 20E (75020)
1.350 €",Paris 20e (75020),"['3 pièces', '2 chambres', '35 m²']","Appartement meublé.
Idéal colocation.
Au 2ème étage, calme, refait à neuf.
Isolation thermique classe C.

Il comprend :
Entrée
Séjour
2 chambres indépendantes (avec un lit convertible et un lit double, armoire/penderie, bureau )
Cuisine entièrement équipée, plaque induction, réfrigérateur/congélateur, lave-linge
Salle d'eau, douche, lavabo, wc

Fenêtres double vitrage, parquet massif.
Chauffage électrique basse consommation.

Fibre Wifi
Digicode, gardien
Espace à vélos
Cave

Situé rue de Ménilmontant
Transports, commerces, à proximité.
Location longue durée, +2 ans
Libre de suite.
Loyer 1350 €/mois charges comprises","['Ménilmontant', 'Couronnes', 'Père Lachaise']","['', '', '', 'Loyer charges comprises\n1.350 € / mois', 'Dont charges\n150 € / mois', 'Dépôt de garantie\n2.000 €', 'Loyer de référence majoré\n990,50 €', 'Complément de loyer\n209,50 €']","{'energy': 'C', 'GES': 'A'}",Réf. : F19/2019 / 28 février 2024
"Location meublée appartement 3 pièces 55 m² Marseille
880 €",Marseille 4e (13004),"['3 pièces', '2 chambres', '55 m²']","1 mn à pied tramway et gare de la Blancarde.

T3, 55 m2 meublé, très calme, luxe comprenant: climatisation, lave-linge, lave-vaisselle, four, réfrigérateur, congélateur, vaisselle, tv écran plat, lit, linge de maison.

Au 3e sans ascenseur.

Balcon panoramique plein sud. Etat neuf.

Loyer : 850€ + 30€ de charges.","['Conditions financières\nLoyer charges comprises\n880 € / mois\nDont charges\n30 € / mois\nDépôt de garantie\n1.800 €\nGES\nA\nB\nC\nD\nE\nF\nG', 'Conditions financières\nLoyer charges comprises\n880 € / mois\nDont charges\n30 € / mois\nDépôt de garantie\n1.800 €\nGES\nA\nB\nC\nD\nE\nF\nG', 'Conditions financières\nLoyer charges comprises\n880 € / mois\nDont charges\n30 € / mois\nDépôt de garantie\n1.800 €\nGES\nA\nB\nC\nD\nE\nF\nG']","['', '', '', 'Loyer charges comprises\n880 € / mois', 'Dont charges\n30 € / mois', 'Dépôt de garantie\n1.800 €']","{'energy': 'Not Available', 'GES': 'Not Available'}",Réf. : 667/4090 / 28 février 2024
"Location meublée chambre 12 m² Marnes-La-Coquette (92430)
650 €",Marnes-la-Coquette (92430),"['1 pièce', '1 chambre', '12 m²']","Colocation saisonnière d'un appartement 42m² avec terrasse :
A louer, entre le 8/2 et le 31/3/2024,

Un appartement de 42m² en colocation avec un étudiant à Marnes la coquette. Une chambre privative et partage avec l’autre colocataire d'une cuisine équipée, salle d'eau avec douche, wc et lave linge, un couloir desservant les 2 chambres et une grande terrasse.
Loyer mensuel 600€ - Provision pour charges : 50€.

Contact par Tel.
L'appartement, avec entrée indépendante, se trouve dans une maison particulière.

Transports : 4 min à pied de la gare de Vaucresson (Ligne L) qui vous mène en 15 min à La Défense et 30 min à Paris St Lazare. Versailles-centre à 15 min en bus. l'appartement est à15 min à pied de l'hôpital Raymond Poincaré de Garches et 10 min à pied d'un supermarché.
DPE réalisé le 4/8/2022 : Perf énergétique D (209) / dont Gaz à effet de serre : B (6) - Estimation des coûts annuels : entre 580 € et 820 € par an - Prix moyens des énergies indexés au 1er janvier 2021.
Les informations sur les risques auxquels ce bien est exposé sont disponibles sur le site Géorisques : www.georisques.gouv.fr","['Vaucresson', 'La Celle-Saint-Cloud', 'Garches - Marnes-la-Coquette']","['', '', '', 'Loyer charges comprises\n650 € / mois', 'Dont charges\n50 € / mois', 'Dépôt de garantie\n0 €']","{'energy': 'D', 'GES': 'B'}",Réf. : F13/1673 / 27 février 2024
"Location appartement 2 pièces 38 m² Le Perreux-Sur-Marne
855 €",Le Perreux-sur-Marne (94170),"['2 pièces', '1 chambre', '38 m²']","Beau 2 pièces de 38 m² . Dans quartier résidentiel pavillonnaire. Libre de suite. Cuisine aménagée, salle de bains en bon état. Une pièce principale ouverte sur cuisine, une entrée, une chambre.
Parquet flottant dans le salon et la chambre, radiateurs électriques neufs, radiateur sèche-serviette, double vitrage, belle vue dégagée sur la Marne. Situé dans un petit pavillon.
Dossier sérieux - revenus minimums (2600€). Garants demandés.","['Conditions financières\nLoyer charges comprises\n855 € / mois\nDont charges\n0 € / mois\nDépôt de garantie\n855 €\nClasse énergie\nA\nB\nC\nD\nE\nF\nG\nGES\nA\nB\nC\nD\nE\nF\nG', 'Conditions financières\nLoyer charges comprises\n855 € / mois\nDont charges\n0 € / mois\nDépôt de garantie\n855 €\nClasse énergie\nA\nB\nC\nD\nE\nF\nG\nGES\nA\nB\nC\nD\nE\nF\nG', 'Conditions financières\nLoyer charges comprises\n855 € / mois\nDont charges\n0 € / mois\nDépôt de garantie\n855 €\nClasse énergie\nA\nB\nC\nD\nE\nF\nG\nGES\nA\nB\nC\nD\nE\nF\nG']","['', '', '', 'Loyer charges comprises\n855 € / mois', 'Dont charges\n0 € / mois', 'Dépôt de garantie\n855 €']","{'energy': 'E', 'GES': 'E'}",Réf. : A37/1053 / 28 février 2024
"Location maison 110 m² La Frette-Sur-Seine (95530)
1.600 €",La Frette-sur-Seine (95530),"['5 pièces', '3 chambres', '110 m²', 'Terrain 250 m²']","Proche gare, commerce, école
Maison entièrement rénovée, lumineuse, vue sur Seine (rdc, étage,s ous sol)-110 m2.
Loyer 1.450€-hors charges(eau, électricité, entretien pompe à chaleur, élagage).

Recherche locataire sérieux et soigné.
Merci d'appeler. Contact tous les jours à partir de 17h.","['La Frette - Montigny', 'Herblay', 'Cormeilles en Parisis']","['', '', '', 'Loyer charges comprises\n1.600 € / mois', 'Dont charges\n150 € / mois', 'Dépôt de garantie\n1.450 €']","{'energy': 'C', 'GES': 'D'}",Réf. : F18/0062 / 28 février 2024
"Location meublée maison 55 m² Marseille 8E
1.560 €",Marseille 8e (13008),"['2 pièces', '1 chambre', '55 m²', 'Terrain 300 m²']","Courte durée - Bail Mobilité

Villa au calme du quartier la Pointe Rouge - Piscine privée en hivernage novembre à Mai.
Location courte durée, bail mobilité (idéal mission ou universitaire).

Idéalement située 300 m calanque du Bain des Dames - 5 min de la plage de la Pointe rouge et du Parc Pastre.

Appartement rénové indépendant T2 en rez de chaussée de 55 m2 meublé design.
Grande chambre parentale avec dressing attenant à une spacieuse salle de bains (baignoire à remous + 2 wc).
Véranda ensoleillée, bibliothèque et salle à manger, banquette lit d'une place.
Jolie cuisine entièrement équipée hauts tabourets + bar.

Linge de maison et vaisselle fournis.
Possibilité de parking dans jardin.
Baies vitrées donnant sur le jardin, barbecue . Piscine non chauffée actuellement en hivernage jusqu'au mois de Mai

3 salons de jardin tables parasols, et transats autour de la piscine.

Disponible à partir de février.
Loyer : 1560€/mois charges comprises","['Conditions financières\nLoyer charges comprises\n1.560 € / mois\nDont charges\n100 € / mois\nDépôt de garantie\n1.400 €\nClasse énergie\nA\nB\nC\nD\nE\nF\nG', 'Conditions financières\nLoyer charges comprises\n1.560 € / mois\nDont charges\n100 € / mois\nDépôt de garantie\n1.400 €\nClasse énergie\nA\nB\nC\nD\nE\nF\nG', 'Conditions financières\nLoyer charges comprises\n1.560 € / mois\nDont charges\n100 € / mois\nDépôt de garantie\n1.400 €\nClasse énergie\nA\nB\nC\nD\nE\nF\nG']","['', '', '', 'Loyer charges comprises\n1.560 € / mois', 'Dont charges\n100 € / mois', 'Dépôt de garantie\n1.400 €']","{'energy': 'Not Available', 'GES': 'Not Available'}",Réf. : D42/1220 / 28 février 2024
"Location meublée maison 60 m² Rueil-Malmaison
1.500 €",Rueil-Malmaison (92500),"['3 pièces', '2 chambres', '60 m²']","Je loue une maison meublée de 60m², proche écoles et centre commercial, à 5 mn de la station de bus 144 et 467 (directions Suresnes, La Défense, Centre Rueil, Rueil 2000 et RER A à 15 mn Charles de Gaulle - Etoile), juste à côté, il y a également l'arrêt du bus de la ville 565 qui dessert le centre ville et le centre commercial.

La maison est composée d'un séjour avec cuisine américaine de 29m², une salle d'eau, toilettes séparées et 2 chambres avec rangement chacune. La salle d'eau et la cuisine viennent d'être refaites à neuf. La maison possède également un dégagement avec bureau intégré, une cave de 10m² et un abris de jardin.

Le terrain comprend un jardinet et une terrasse qui a vue sur un grand espace vert. Exposition Sud

La maison dispose d'une place de stationnement pour un petit véhicule.

Le montant du loyer est de 1.500 €/mois provision charges comprises.","['Conditions financières\nLoyer charges comprises\n1.500 € / mois\nDont charges\n0 € / mois\nDépôt de garantie\n2.500 €\nClasse énergie\nA\nB\nC\nD\nE\nF\nG\nGES\nA\nB\nC\nD\nE\nF\nG', 'Conditions financières\nLoyer charges comprises\n1.500 € / mois\nDont charges\n0 € / mois\nDépôt de garantie\n2.500 €\nClasse énergie\nA\nB\nC\nD\nE\nF\nG\nGES\nA\nB\nC\nD\nE\nF\nG', 'Conditions financières\nLoyer charges comprises\n1.500 € / mois\nDont charges\n0 € / mois\nDépôt de garantie\n2.500 €\nClasse énergie\nA\nB\nC\nD\nE\nF\nG\nGES\nA\nB\nC\nD\nE\nF\nG']","['', '', '', 'Loyer charges comprises\n1.500 € / mois', 'Dont charges\n0 € / mois', 'Dépôt de garantie\n2.500 €']","{'energy': 'D', 'GES': 'D'}",Réf. : 687/4385 / 28 février 2024
"Location meublée studio 30 m² Aix-En-Provence (13100)
1.209 €",Aix-en-Provence (13090),"['1 pièce', '30 m²']","Situation idéale, Centre-ville Bas des Allées Provençales.
Face au Grand Théâtre de Provence, 3 min de la Rotonde et du bas du Cours Mirabeau à pied.

Loyer : 1.209 € avec parking TTC, Eau chaude et froide, chauffage parties communes.
Résidence Opéra- Rotonde.
Possible en sous-sol de louer 220 € un garage, équipé de l'électricité pour véhicule électrique

La résidence est à immédiate proximité de l'entrée des autoroutes sans nuisances
Gare routière, 10min à pied,
Gare TGV 15 min en bus

Bus à proximité : Presque tous les bus passent par la Rotonde,
Place de parking inclus

A Proximité
La gare routière et gare centrale SNCF à 5 à pied sans bagage
Carrefour Market, La Poste, Monoprix alimentaire, pratiquement au pied de l'immeuble.

Appartement meublé se composé d'une entrée avec porte manteau et meuble à chaussures,
d'une pièce principale, cuisine équipée séparée par une demi cloison et d'une salle d'eau avec douche.
Séjour.
Lit en gigogne en 160 x 200 très moelleux et confortable, table, chaises,

La cuisine est séparée par un plateau bar,
Équipée d'une hotte aspirante, de nombreux rangements
Un combiné 3 en 1 : 4 plaques Vitrocéramiques, Four, et Lave-vaisselle intégré.
Un frigo avec petit congélateur de 21 L
Salle d'eau : Avec douche à pare douche, Lavabo wc, Sèche serviettes. Lave linge avec sèche linge intégré

Libre le 19 février. Les photos mises à jour.
Loyer : 1.209 € charges comprises, avec parking.","[""  J'utilise Whatsapp. Vous pouvez proposer un appel vidéo pour visiter le logement.\nConditions financières\nLoyer charges comprises\n1.209 € / mois\nDont charges\n88 € / mois\nDépôt de garantie\n1.121 €\nClasse énergie\nA\nB\nC\nD\nE\nF\nG\nGES\nA\nB\nC\nD\nE\nF\nG"", ""  J'utilise Whatsapp. Vous pouvez proposer un appel vidéo pour visiter le logement.\nConditions financières\nLoyer charges comprises\n1.209 € / mois\nDont charges\n88 € / mois\nDépôt de garantie\n1.121 €\nClasse énergie\nA\nB\nC\nD\nE\nF\nG\nGES\nA\nB\nC\nD\nE\nF\nG"", ""  J'utilise Whatsapp. Vous pouvez proposer un appel vidéo pour visiter le logement.\nConditions financières\nLoyer charges comprises\n1.209 € / mois\nDont charges\n88 € / mois\nDépôt de garantie\n1.121 €\nClasse énergie\nA\nB\nC\nD\nE\nF\nG\nGES\nA\nB\nC\nD\nE\nF\nG""]","['', '', '', 'Loyer charges comprises\n1.209 € / mois', 'Dont charges\n88 € / mois', 'Dépôt de garantie\n1.121 €']","{'energy': 'C', 'GES': 'C'}",Réf. : D15/0054 / 28 février 2024
"Location meublée appartement 2 pièces 40 m² Paris 9E
1.984 €",Paris 9e (75009),"['2 pièces', '1 chambre', '40 m²']","Faubourg Montmartre. Cité Trévise (proche de la fontaine).
A 2 pas des Folies Bergères. De la rue Montmartre.
Métro : Grand Boulevard = ligne 8 et 9, Le Peltier, Cadet, poissonnière = ligne 7.
Bus : 26 / 32 / 39 /42 / 43 / 48 /74 / 85.

2 pièces meublées, décorées avec goût, 2ème étage sur cour.
Tout confort.
Très calme.

Entièrement refait à neuf, rénovation haut de gamme - Plancher chauffant, Parquet, pas de place de perdue.

Installation électrique neuve.
Prises Ethernet (RJ45) présentes dans le salon et dans la chambre.

Appartement ayant été entièrement isolé (sol, murs, plafond) agrémenté de grandes fenêtres isolantes oscillo-battantes ayant des volets électriques intégrés à télécommande (=économique en énergie). Porte blindée.

Salon comprenant 2 grandes fenêtres avec volets, composé d'un canapé d'angle convertible, table de salon, meuble pour télévision, hifi, rangements.
Espace repas avec table avec 2 rallonges, chaise, banc.

Cuisine équipée séparée avec fenêtre, porte coulissante à galandage, électroménagers haut de gamme : réfrigérateur, congélateur, micro-ondes avec grill, lave-vaisselle, lave-linge le tout en intégrable, plaques induction, hotte, nombreux rangements, vaisselle, ustensiles de cuisine.

Salle d'eau avec douche italienne, wc suspendu, rangements, vmc, porte coulissante à galandage.

Chambre avec lit King Size de 180 x 200, porte coulissante à galandage.
Sommier, matelas haut de gamme, drap, couette, housse de couette, oreillers, taies, (le tout Neuf). Nombreux rangements, penderie,
1 grande fenêtre avec volet.

Très clair - Soleil - Calme - Bel environnement.
1 digicode, badge télé ouverture + 1 interphone, gardien.

39,43 m² loi Carrez.

Pas de colocation, merci.

Bail résidence secondaire.

Loyer : 1.924 € /mois + charges 60,50 €.","['Cadet', 'Poissonnière', 'Grands Boulevards']","['', '', '', 'Loyer charges comprises\n1.984 € / mois', 'Dont charges\n60 € / mois', 'Dépôt de garantie\n3.848 €', 'Loyer de référence majoré\n1.416 €', 'Complément de loyer\n508 €']","{'energy': 'D', 'GES': 'B'}",Réf. : B95/0751 / 28 février 2024
"Location appartement 4 pièces 112 m² Mulhouse (68100)
850 €",Mulhouse (68100),"['4 pièces', '3 chambres', '112 m²']","Mulhouse centre proche tram, 10 min gare, 4 pièces : 112 m² en duplex au 3ème et dernier étage sans ascenseur . Comprenant : 1grand salon, 3 chambres , grande cuisine aménagée avec éléments comprenant : four, plaque, de cuisson, hotte. 1 Salle de bain avec baignoire , 2 wc séparés, cagibis, chauffage au sol individuel gaz + radiateurs gaz à l'étage DPE = C émission gaz à effet de serre = C Peinture neuve l'appartement est en excellent état excellent état. Loyer : 750€/mois + avances charges 100€/mois avec régularisation des charges annuelles elles comprennent les ordures ménagères, la consommation d'eau, l'EDF dans les parties communes.
stationnement résidentiel abonnement annuel 80€ /an à la voirie ville de Mulhouse.
Contact par tel.","['Conditions financières\nLoyer charges comprises\n850 € / mois\nDont charges\n100 € / mois\nDépôt de garantie\n750 €\nClasse énergie\nA\nB\nC\nD\nE\nF\nG\nGES\nA\nB\nC\nD\nE\nF\nG', 'Conditions financières\nLoyer charges comprises\n850 € / mois\nDont charges\n100 € / mois\nDépôt de garantie\n750 €\nClasse énergie\nA\nB\nC\nD\nE\nF\nG\nGES\nA\nB\nC\nD\nE\nF\nG', 'Conditions financières\nLoyer charges comprises\n850 € / mois\nDont charges\n100 € / mois\nDépôt de garantie\n750 €\nClasse énergie\nA\nB\nC\nD\nE\nF\nG\nGES\nA\nB\nC\nD\nE\nF\nG']","['', '', '', 'Loyer charges comprises\n850 € / mois', 'Dont charges\n100 € / mois', 'Dépôt de garantie\n750 €']","{'energy': 'C', 'GES': 'C'}",Réf. : F15/1847 / 28 février 2024
"Location studio 18,15 m² Perpignan (66000)
495 €",Perpignan (66000),"['1 pièce', '1 chambre', '18,15 m²']","Studio entièrement rénové.
1 pièce de 18,15 m2**. Porte fenêtre donnant sur balcon sans vis-à-vis.

Au sein de la résidence Le Carlit à Perpignan, quartier les Platanes au 3ème étage sur 6.

Pas de frais d'agence ,dossier solide avec REVENUS réguliers et 2 GARANTS obligatoires
Sinon aucune suite ne sera donnée au dossier
Éligible aux APL

Il se compose d'un coin salon, kitchenette équipée, salle d'eau avec wc.
Petit balcon à disposition de 4 m2.
Vue dégagée et sans vis-à-vis, à meubler selon votre goût.

Les charges comprennent le chauffage collectif ,eau froide, eau chaude, ascenseur, salaire du gardien, entretien des espaces verts, électricité et ménage des parties communes.

Prestations : ascenseur,digicode, gardien, vidéosurveillance,portail électrique, parking dans la résidence

Les + de ce bien** • Stationnement possible • Cuisine équipée • Balcon • Ascenseur • Proximité transports et commerces à pieds

Le logement est propre, rénové, calme sécurisé avec porte blindée neuve et serrure neuve 3 points .

Libre pour locataire seul ,sérieux avec dossier solide ,loyer 495 € /mois (loyer 380€ + 115 € de charges) APL possible + caution 2 mois de loyer hors charges restitués à la fin de la location

Modalité de récupération des charges locatives : Prévisionnelles mensuelles avec régularisation annuelle

Diagnostics immobiliers ok performance énergétique et GES en D","['Conditions financières\nLoyer charges comprises\n495 € / mois\nDont charges\n115 € / mois\nDépôt de garantie\n380 €\nClasse énergie\nA\nB\nC\nD\nE\nF\nG\nGES\nA\nB\nC\nD\nE\nF\nG', 'Conditions financières\nLoyer charges comprises\n495 € / mois\nDont charges\n115 € / mois\nDépôt de garantie\n380 €\nClasse énergie\nA\nB\nC\nD\nE\nF\nG\nGES\nA\nB\nC\nD\nE\nF\nG', 'Conditions financières\nLoyer charges comprises\n495 € / mois\nDont charges\n115 € / mois\nDépôt de garantie\n380 €\nClasse énergie\nA\nB\nC\nD\nE\nF\nG\nGES\nA\nB\nC\nD\nE\nF\nG']","['', '', '', 'Loyer charges comprises\n495 € / mois', 'Dont charges\n115 € / mois', 'Dépôt de garantie\n380 €']","{'energy': 'D', 'GES': 'D'}",Réf. : F15/2239 / 28 février 2024
"Location meublée appartement 2 pièces 38 m² Paris 13E
1.390 €",Paris 13e (75013),"['2 pièces', '1 chambre', '38 m²']","Métro Tolbiac, proche de la ligne 7 et Métro Olympiade la ligne 14.
Refait à neuf (peinture) également radiateurs neufs et plus performants.
Meublé /vide possible .
2 pièces 38 m², Très lumineux, il dispose de deux grandes fenêtres au 3ème étage sans ascenseur.

Cuisine ouverte (plaques électriques, réfrigérateur, lave linge) , salon/salle à manger, une grande chambre, salle d'eau avec wc. Parquets et cheminées. Double vitrage, chauffage électrique individuel.
Une cave de 4 m²
Sérieuses garanties demandées. Dossier complet.

Loyer charges compris 1.390 € / dont charges 100 € / Dépôt de garantie 2.580 €

Loyer de référence majoré 1182 € Complément de loyer 108€","['Maison Blanche', 'Tolbiac', 'Olympiades']","['', '', '', 'Loyer charges comprises\n1.390 € / mois', 'Dont charges\n100 € / mois', 'Dépôt de garantie\n2.580 €', 'Loyer de référence majoré\n1.181,80 €', 'Complément de loyer\n108,20 €']","{'energy': 'D', 'GES': 'E'}",Réf. : 985/4052 / 28 février 2024
"Location appartement 2 pièces 38 m² Livry-Gargan (93190)
850 €",Livry-Gargan (93190),"['2 pièces', '1 chambre', '38 m²']","Non meublé

A 10 min à pied du tramway et du train, parc Lefèvre à 2 min.
Quartier calme, aux pied des écoles et des bus. A 30 min Paris St-Lazare.

2 pièces non meublé 38 m² au 1er étage droite, dans programme immobilier de 2012.
Grand standing. Séjour, cuisine, chambre (parquet), salle de bains (baignoire avec sèche-serviettes), wc.

Chauffage individuel électrique.

Parking sous-sol, place numérotée.

Interphone.
Local vélos.

Loyer : 780 € /mois +70 € de charges de communauté.

Libre au 1er mars 2024.
Dépôt de garantie 780€.","['Conditions financières\nLoyer charges comprises\n850 € / mois\nDont charges\n70 € / mois\nDépôt de garantie\n780 €\nClasse énergie\nA\nB\nC\nD\nE\nF\nG', 'Conditions financières\nLoyer charges comprises\n850 € / mois\nDont charges\n70 € / mois\nDépôt de garantie\n780 €\nClasse énergie\nA\nB\nC\nD\nE\nF\nG', 'Conditions financières\nLoyer charges comprises\n850 € / mois\nDont charges\n70 € / mois\nDépôt de garantie\n780 €\nClasse énergie\nA\nB\nC\nD\nE\nF\nG']","['', '', '', 'Loyer charges comprises\n850 € / mois', 'Dont charges\n70 € / mois', 'Dépôt de garantie\n780 €']","{'energy': 'Not Available', 'GES': 'Not Available'}",Réf. : C04/0135 / 28 février 2024
"Location appartement 3 pièces 60 m² Champigny-Sur-Marne (94500)
1.372 €",Champigny-sur-Marne (94500),"['3 pièces', '2 chambres', '60 m²']","Grand 3 pièces traversant à Champigny, refait entièrement à neuf il y a 1 an et situé dans une résidence calme et agréable.

A 2 min des commerces et des bus, 5 min à pied du RER E et 10min à pied de la future ligne 15.
RER A Joinville-le-Pont à 10min en bus. Commerces et écoles à 2 min à pied.

2 chambres
1 Grand salon
wc et salle de bains séparés
Cuisine entièrement équipée refaite à neuf.

1372€/mois charges comprises.
Chauffage au gaz individuel.
Cave disponible.
Parking disponible pour 50€/mois supplémentaire..

Semi-meublé : cuisine entièrement équipée, machine à laver, canapé couleur crème dans le salon, canapé convertible de la même couleur dans l'une des chambres, couverts et assiettes.

Possibilité de racheter des meubles de l’ancienne locataire.

Disponible dès début févier.

Colocation acceptée.

Si vous êtes intéressés n'hésitez pas à me contacter pour plus d'informations !","['Les Boullereux Champigny', 'Champigny', 'Nogent le Perreux']","['', '', '', 'Loyer charges comprises\n1.372 € / mois', 'Dont charges\n132 € / mois', 'Dépôt de garantie\n1.240 €']","{'energy': 'D', 'GES': 'D'}",Réf. : F16/0895 / 28 février 2024
"Location appartement 3 pièces 75 m² Boulogne-Billancourt
2.550 €",Boulogne-Billancourt (92100),"['3 pièces', '2 chambres', '75 m²']","Boulogne Nord
Situé rue Pasteur, une petite rue très calme à 300 m du métro Jean Jaurès (Ligne 10).

Dans un immeuble de standing,
un appartement traversant au 5ème et dernier étage, de 74,5 m2 et 14 m2 d'espace extérieur refait à neuf (électricité, peintures et parquet).

Une grande entrée qui distribue un salon, une cuisine équipée (plaques chauffantes, placard, hôte, réfrigérateur) séparée. Un couloir dessert une salle de bains, deux chambres sur espace vert et des wc indépendants.
Une terrasse accessible depuis le salon et un balcon depuis les chambres.
Appartement très lumineux, baies vitrées dans toutes les pièces de vie.

Parking souterrain.
Gardienne, digicode et interphone.
Agences s’abstenir
Loyer 2550 euros/mois charges comprises (chauffage, eau froide et chaude).
Agences s’abstenir","['Boulogne - Jean Jaurès', 'Marcel Sembat', 'Boulogne - Pont de Saint-Cloud (Rhin et Danube)']","['', '', '', 'Loyer charges comprises\n2.550 € / mois', 'Dont charges\n219 € / mois', 'Dépôt de garantie\n2.331 €']","{'energy': 'E', 'GES': 'E'}",Réf. : D82/0851 / 28 février 2024
"Location meublée studio 50 m² Toulon
680 €",Toulon (83000),"['1 pièce', '50 m²']","Studio dans villa provençale, prestations 3 étoiles.

Coin cuisine aménagé (réfrigérateur, plaques, machine à café, lave-linge, micro-ondes), un séjour avec canapé-lit, un coin nuit séparé par alcôve avec lit de 140x190, salle d'eau (douche et wc). Supplément 12€ par jour et par personne.
Terrasse


Situation géographique exceptionnelle, proche axes routiers tout en étant au calme et dans la verdure, à 15 mn environ du centre-ville

1 place de parking

Disponibilité immédiate jusqu'au 01/06/2024","[""  J'utilise Whatsapp. Vous pouvez proposer un appel vidéo pour visiter le logement.\nConditions financières\nLoyer charges comprises\n680 € / mois\nDont charges\n60 € / mois\nDépôt de garantie\n680 €\nClasse énergie\nA\nB\nC\nD\nE\nF\nG\nGES\nA\nB\nC\nD\nE\nF\nG"", ""  J'utilise Whatsapp. Vous pouvez proposer un appel vidéo pour visiter le logement.\nConditions financières\nLoyer charges comprises\n680 € / mois\nDont charges\n60 € / mois\nDépôt de garantie\n680 €\nClasse énergie\nA\nB\nC\nD\nE\nF\nG\nGES\nA\nB\nC\nD\nE\nF\nG"", ""  J'utilise Whatsapp. Vous pouvez proposer un appel vidéo pour visiter le logement.\nConditions financières\nLoyer charges comprises\n680 € / mois\nDont charges\n60 € / mois\nDépôt de garantie\n680 €\nClasse énergie\nA\nB\nC\nD\nE\nF\nG\nGES\nA\nB\nC\nD\nE\nF\nG""]","['', '', '', 'Loyer charges comprises\n680 € / mois', 'Dont charges\n60 € / mois', 'Dépôt de garantie\n680 €']","{'energy': 'C', 'GES': 'B'}",Réf. : F13/2222 / 28 février 2024
"Location meublée appartement 2 pièces 38 m² Paris 8E (75008)
1.900 €",Paris 8e (75008),"['2 pièces', '1 chambre', '38 m²']","""Appartement de charme complètement rénové et totalement meublé prêt à habiter"" comprenant deux pièces, une entrée, salle de bains avec wc, une kitchenette équipée, une chambre de vie avec canapé convertible de deux places, TV, table à manger, une chambre avec lit à deux places et dressing.

Idéal pour pied à terre ou résidence secondaire. Très calme ensoleillé sans vis à vis, situé dans bel immeuble face au palais de l'Elysées.

Location en contrat bail civil pour résidence secondaire avec durée de 12 mois.","['Miromesnil', 'Champs-Élysées - Clemenceau (Grand Palais)', 'Saint-Augustin']","['', '', '', 'Loyer charges comprises\n1.900 € / mois', 'Dont charges\n50 € / mois', 'Dépôt de garantie\n3.700 €', 'Loyer de référence majoré\n1.387 €', 'Complément de loyer\n463 €']","{'energy': 'C', 'GES': 'C'}",Réf. : E85/1599 / 28 février 2024
"Location meublée appartement 20 m² Villeurbanne
649 €",Villeurbanne (69100),"['1 pièce', '20 m²']","Charmant t1 bis neuf
T1 bis neuf et totalement meublé, face au grand parc de la Commune Paris, dans une rue calme et pavillonnaire .

À proximité directe des transports en commun (métro A, bus etc) et des commerces.

Venez découvrir ce charmant t1 bis meublé, fonctionnel, comprenant une belle pièce de vie avec chambre, cuisine équipée : plaques vitrocéramiques, mini four, micro-ondes, frigo, lave-linge, toute la vaissellerie ainsi que l'entièreté de linge de maison et d'une salle de bain moderne avec douche balnéo, nombreux rangements, toutes les pièces sont carrelés mais surtout, faites le plein d'économies grâce à l'eau, l'électricité et le chauffage qui sont inclus dans le prix du loyer annoncé 649€ charges comprises

Longues études ou CDI et garants physiques obligatoires
Contrat de location de 12 mois","['Conditions financières\nLoyer charges comprises\n649 € / mois\nDont charges\n85 € / mois\nDépôt de garantie\n1.128 €\nZone soumise à encadrement des loyers  -   En savoir plus\nLoyer de référence majoré\n384 €\nComplément de loyer\n180 €\nClasse énergie\nA\nB\nC\nD\nE\nF\nG', 'Conditions financières\nLoyer charges comprises\n649 € / mois\nDont charges\n85 € / mois\nDépôt de garantie\n1.128 €\nZone soumise à encadrement des loyers  -   En savoir plus\nLoyer de référence majoré\n384 €\nComplément de loyer\n180 €\nClasse énergie\nA\nB\nC\nD\nE\nF\nG', 'Conditions financières\nLoyer charges comprises\n649 € / mois\nDont charges\n85 € / mois\nDépôt de garantie\n1.128 €\nZone soumise à encadrement des loyers  -   En savoir plus\nLoyer de référence majoré\n384 €\nComplément de loyer\n180 €\nClasse énergie\nA\nB\nC\nD\nE\nF\nG']","['', '', '', 'Loyer charges comprises\n649 € / mois', 'Dont charges\n85 € / mois', 'Dépôt de garantie\n1.128 €', 'Loyer de référence majoré\n384 €', 'Complément de loyer\n180 €']","{'energy': 'Not Available', 'GES': 'Not Available'}",Réf. : F05/1695 / 28 février 2024
"Location meublée appartement 2 pièces 63 m² Puteaux
2.000 €",Puteaux (92800),"['2 pièces', '1 chambre', '63 m²']","Bail civil résidence secondaire ou logement de fonction à partir du 29 Janvier 2024.
Possibilité bail mobilité.

Appartement F2 d'environ 63 m2, entièrement meublé, qui convient à un cadre ou à un couple désirant se loger en plein quartier des affaires de La Défense. L'appartement est composé d'une entrée, salon/salle à manger, cuisine, salle de bains avec baignoire, dégagement, chambre, wc séparés 4 grandes baies vitrées (2 dans le salon/salle à manger, une dans la chambre, 1 dans la cuisine). Orientation ouest (soleil l'après-midi). Très lumineux avec une vue panoramique sur La Défense, le Cnit, les quatre temps et le Mont Valérien. Étage élevé avec deux ascenseurs. Balcon filant (faisant le tour du salon, cuisine et la chambre).

Accès à personne à mobilité réduite.

2000€ toutes charges comprises (charges de copropriété, internet, eau chaude et froide, chauffage).
Forfait électricité en plus : 80€/mois."